Year,State_Abbr,State,Violent_Crime,Homicides,Rape_Legacy,Rape_Revised,Robbery,Aggravated_Assault,Property_Crime,Burglary,Larceny,Motor_Vehicle_Theft,LEOs,Population,LEOs_per_1000
2000,AK,Alaska,3554,27,497,,490,2540,23087,3899,16838,2350,1158,627963,1.844057691
2000,AL,Alabama,21620,329,1482,,5702,14107,180539,40331,127399,12809,10298,4452173,2.313027818
2000,AR,Arkansas,11904,168,848,,2001,8887,98115,21443,69740,6932,6520,2678588,2.434118274
2000,AZ,Arizo,27281,359,1577,,7504,17841,271811,51902,176705,43204,10455,5160586,2.025932714
2000,CA,California,210531,2079,9785,,60249,138418,1056183,222293,651855,182035,73095,33987977,2.150613436
2000,CO,Colorado,14367,134,1774,,3034,9425,156937,27133,112843,16961,11373,4326921,2.628427928
2000,CT,Connecticut,11058,98,678,,3832,6450,99033,17436,68498,13099,9436,3411777,2.765714172
2000,DC,District of Columbia,8626,239,251,,3554,4582,33000,4745,21655,6600,4247,572046,7.424228122
2000,DE,Delaware,5363,25,424,,1394,3520,29727,5216,21360,3151,2649,786373,3.368630408
2000,FL,Florida,129777,903,7057,,31809,90008,780377,172898,518298,89181,41283,16047515,2.572547837
2000,GA,Georgia,41319,651,1968,,13250,25450,347630,68488,240440,38702,24828,8227303,3.017756852
2000,HI,Hawaii,2954,35,346,,1123,1450,60033,10665,43254,6114,3285,1213519,2.707003351
2000,IA,Iowa,7796,46,676,,1071,6003,86834,16342,65118,5374,5300,2929067,1.809449903
2000,ID,Idaho,3267,16,384,,223,2644,37961,7330,28545,2086,2587,1299430,1.990872921
2000,IL,Illinois,81196,898,3926,,25641,50731,445278,81850,313161,50267,37101,12434161,2.983796012
2000,IN,India,21230,352,1759,,6282,12837,206905,41108,144707,21090,11185,6091866,1.836054831
2000,KS,Kansas,10470,169,1022,,2048,7231,108057,21484,80077,6496,8505,2693681,3.157389461
2000,KY,Kentucky,11903,193,1091,,3256,7363,107723,25308,73141,9274,8211,4049021,2.027897608
2000,LA,Louisia,30440,560,1497,,7532,20851,211904,46289,144345,21270,17248,4471885,3.856986483
2000,MA,Massachusetts,30230,125,1696,,5815,22594,161901,30600,105425,25876,17774,6361104,2.794169062
2000,MD,Maryland,41663,430,1543,,13560,26130,213422,39426,145423,28573,14906,5311034,2.806609786
2000,ME,Maine,1397,15,320,,247,815,32003,6775,23906,1322,2221,1277072,1.73913452
2000,MI,Michigan,55159,669,5025,,13712,35753,353297,69790,227783,55724,22764,9952450,2.287275997
2000,MN,Minnesota,13813,151,2240,,3713,7709,157798,26116,118250,13432,8449,4933692,1.712510631
2000,MO,Missouri,27419,347,1351,,7598,18123,225919,41685,159539,24695,12136,5607285,2.164327299
2000,MS,Mississippi,10267,255,1019,,2703,6290,103644,26918,69758,6968,5900,2848353,2.071372474
2000,MT,Monta,2807,20,308,,203,2276,32198,3624,26678,1896,1549,903773,1.713925953
2000,NC,North Caroli,40051,560,2181,,12595,24715,355921,97888,232767,25266,20710,8081614,2.562606925
2000,ND,North Dakota,523,4,169,,56,294,14171,2093,11092,986,1193,642023,1.858188881
2000,NE,Nebraska,5606,63,436,,1147,3960,64479,10131,49118,5230,3410,1713820,1.989707204
2000,NH,New Hampshire,2167,22,522,,453,1170,27901,4992,20761,2148,2663,1239882,2.147785031
2000,NJ,New Jersey,32298,289,1357,,13553,17099,233637,43924,155562,34151,30718,8430621,3.643622457
2000,NM,New Mexico,13786,135,922,,2499,10230,86605,21339,57925,7341,4197,1821204,2.304519428
2000,NV,Nevada,10474,129,860,,4543,4942,74823,17526,44125,13172,4828,2018741,2.39158961
2000,NY,New York,105111,952,3530,,40539,60090,483078,87946,340901,54231,67720,19001780,3.563876647
2000,OH,Ohio,37935,418,4271,,15610,17636,420939,88636,293277,39026,24754,11363543,2.178369897
2000,OK,Oklahoma,17177,182,1422,,2615,12958,140125,31661,96116,12348,7069,3454365,2.046396371
2000,OR,Oregon,12000,70,1286,,2888,7756,153780,25618,114230,13932,5761,3429708,1.679734835
2000,PA,Pennsylvania,51584,602,3247,,18155,29580,316274,54080,225869,36325,25861,12284173,2.105229225
2000,RI,Rhode Island,3121,45,412,,922,1742,33323,6620,22038,4665,2459,1050268,2.341307171
2000,SC,South Caroli,33225,291,1660,,6220,25054,181290,40319,125385,15586,11277,4024223,2.802280092
2000,SD,South Dakota,1259,7,305,,131,816,16252,2896,12558,798,1396,755844,1.846941962
2000,TN,Tennessee,40233,410,2186,,9465,28172,237985,56344,154111,27530,19275,5703719,3.379374054
2000,TX,Texas,113653,1238,7856,,30257,74302,919658,188975,637522,93161,47677,20944499,2.276349508
2000,UT,Utah,5711,43,863,,1242,3563,94247,14348,73438,6461,5348,2244502,2.382711176
2000,VA,Virginia,19943,401,1616,,6295,11631,194405,30434,146158,17813,17765,7105817,2.500064384
2000,VT,Vermont,691,9,140,,117,425,17494,3501,13184,809,1015,609618,1.664977084
2000,WA,Washington,21788,196,2737,,5812,13043,279144,53476,190650,35018,10406,5910512,1.760591976
2000,WI,Wisconsin,12700,169,1165,,4537,6829,159424,25183,119605,14636,13077,5373999,2.433383408
2000,WV,West Virginia,5723,46,331,,749,4597,41344,9890,28139,3315,3496,1807021,1.934675911
2000,WY,Wyoming,1316,12,160,,70,1074,14969,2078,12318,573,1219,494300,2.466113696
2001,AK,Alaska,3735,39,501,,514,2681,23160,3847,16695,2618,1204,633714,1.899910685
2001,AL,Alabama,19582,379,1369,,5584,12250,173253,40642,119992,12619,10237,4467634,2.291369436
2001,AR,Arkansas,12190,148,892,,2181,8969,99106,22196,69590,7320,6506,2691571,2.417175694
2001,AZ,Arizo,28675,400,1518,,8868,17889,293874,54821,186850,52203,10871,5273477,2.061448263
2001,CA,California,212867,2206,9960,,64614,136087,1134189,232273,697739,204177,73516,34479458,2.132168087
2001,CO,Colorado,15492,158,1930,,3555,9849,170887,28533,121360,20994,11958,4425687,2.701953392
2001,CT,Connecticut,11492,105,639,,4183,6565,95299,17159,65762,12378,9524,3432835,2.774383272
2001,DC,District of Columbia,9195,231,181,,3780,5003,35232,4949,22313,7970,4569,574504,7.952947238
2001,DE,Delaware,4868,23,420,,1156,3269,27399,5144,19476,2779,2791,795699,3.507607776
2001,FL,Florida,130713,874,6641,,32867,90331,782517,176052,516548,89917,41921,16356966,2.562883606
2001,GA,Georgia,41671,598,2180,,14402,24491,347872,71799,238484,37589,34689,8377038,4.140962474
2001,HI,Hawaii,3117,32,409,,1142,1534,62830,11162,44925,6743,3179,1225948,2.593095303
2001,IA,Iowa,7865,50,649,,1154,6012,88634,16885,66244,5505,5431,2931997,1.852321131
2001,ID,Idaho,3211,30,425,,245,2511,38181,7507,28285,2389,2647,1319962,2.00536076
2001,IL,Illinois,79270,982,4010,,24931,49347,434648,79158,306757,48733,37071,12488445,2.968424011
2001,IN,India,22734,413,1716,,7171,13434,211548,42758,147291,21499,11137,6127760,1.817466742
2001,KS,Kansas,10909,92,945,,2423,7449,105537,20514,77038,7985,8442,2702162,3.12416502
2001,KY,Kentucky,10510,181,1051,,3269,6009,107356,26964,71448,8944,8644,4068132,2.124808143
2001,LA,Louisia,30678,501,1403,,7864,20910,207693,46451,139555,21687,16831,4477875,3.75870251
2001,MA,Massachusetts,30585,143,1856,,6476,22110,167079,32430,106821,27828,17450,6397634,2.727570849
2001,MD,Maryland,42088,446,1449,,13525,26668,219512,41553,145934,32025,15151,5374691,2.818952755
2001,ME,Maine,1435,19,326,,264,826,33154,6898,24585,1671,2243,1285692,1.744585795
2001,MI,Michigan,55424,672,5264,,12937,36551,352353,72038,226708,53607,22785,9991120,2.280525106
2001,MN,Minnesota,13145,119,2236,,3758,7032,165046,25496,124519,15031,8562,4982796,1.718312369
2001,MO,Missouri,30472,372,1383,,7771,20946,238411,42977,167420,28014,12271,5641142,2.175268767
2001,MS,Mississippi,10006,282,1147,,3294,5283,109609,29821,70315,9473,5843,2852994,2.048023936
2001,MT,Monta,3187,34,188,,230,2735,30175,3670,24684,1821,1660,906961,1.830288182
2001,NC,North Caroli,40465,505,2083,,13304,24573,363777,101889,237241,24647,21183,8210122,2.580107823
2001,ND,North Dakota,505,7,164,,60,274,14834,2165,11583,1086,1166,639062,1.824549105
2001,NE,Nebraska,5214,43,431,,1128,3612,68963,9760,52713,6490,3557,1719836,2.068220458
2001,NH,New Hampshire,2144,17,458,,445,1224,27089,4889,20060,2140,3006,1255517,2.394232814
2001,NJ,New Jersey,33094,336,1278,,14110,17370,240551,46812,156031,37708,31069,8492671,3.658330813
2001,NM,New Mexico,14288,99,850,,2695,10644,83095,19552,56406,7137,4028,1831690,2.199062068
2001,NV,Nevada,12359,180,883,,4932,6364,77486,17711,45073,14702,4518,2098399,2.153070031
2001,NY,New York,98022,960,3546,,36555,56961,458003,80400,329316,48287,66953,19082838,3.508545217
2001,OH,Ohio,40023,452,4466,,17199,17906,435115,96910,295976,42229,25469,11387404,2.236594047
2001,OK,Oklahoma,17726,185,1486,,2746,13309,141679,34573,94537,12569,7204,3467100,2.077817196
2001,OR,Oregon,10650,84,1174,,2749,6643,164524,26648,123034,14842,5913,3467937,1.705048275
2001,PA,Pennsylvania,50432,651,3467,,17500,28814,313408,54345,223350,35713,25974,12298970,2.111884166
2001,RI,Rhode Island,3278,39,416,,986,1837,35742,6824,23875,5043,2448,1057142,2.315677553
2001,SC,South Caroli,33114,330,1769,,5987,25028,186054,42611,126742,16701,11473,4064995,2.822389695
2001,SD,South Dakota,1171,7,351,,103,710,16473,3087,12571,815,1408,757972,1.857588407
2001,TN,Tennessee,42776,423,2196,,10219,29938,252992,59705,165015,28272,16070,5750789,2.794399169
2001,TX,Texas,122155,1332,8169,,35348,77306,976654,204362,669625,102667,48771,21319622,2.287610915
2001,UT,Utah,5314,67,896,,1197,3154,90993,13804,70676,6513,5222,2283715,2.286625082
2001,VA,Virginia,20939,364,1770,,6860,11945,207506,31604,157060,18842,17978,7198362,2.497512629
2001,VT,Vermont,644,7,107,,107,423,16334,3150,12426,758,1018,612223,1.662792806
2001,WA,Washington,21258,179,2600,,5934,12545,287234,53024,195133,39077,10610,5985722,1.772551415
2001,WI,Wisconsin,12486,192,1142,,4444,6708,166924,26927,125275,14722,13172,5406835,2.436175692
2001,WV,West Virginia,5035,40,320,,707,3968,41085,9601,28268,3216,3533,1801481,1.961164175
2001,WY,Wyoming,1272,9,153,,84,1026,16120,2481,12943,696,1270,494657,2.567435617
2002,AK,Alaska,3627,33,511,,489,2594,24118,3908,17739,2471,1203,642337,1.872848676
2002,AL,Alabama,19931,303,1664,,5962,12002,180400,42578,123932,13890,10292,4480089,2.297275791
2002,AR,Arkansas,11501,142,754,,2524,8081,101171,23229,71129,6813,6773,2705927,2.503023917
2002,AZ,Arizo,30171,387,1608,,8000,20176,318296,59087,201541,57668,11036,5396255,2.045122034
2002,CA,California,208388,2395,10198,,64968,130827,1176484,238428,715692,222364,76634,34871843,2.197589614
2002,CO,Colorado,15882,179,2066,,3579,10058,180054,31678,125193,23183,11706,4490406,2.606891225
2002,CT,Connecticut,10807,84,740,,4069,5914,93426,17111,64735,11580,9522,3458749,2.753018505
2002,DC,District of Columbia,9322,264,262,,3834,4962,36477,5170,21708,9599,4623,573158,8.065838739
2002,DE,Delaware,4836,26,358,,1154,3298,26967,5355,18555,3057,3099,806169,3.844107129
2002,FL,Florida,128721,911,6753,,32581,88476,777236,177242,511478,88516,42787,16689370,2.56372769
2002,GA,Georgia,39271,606,2108,,13432,23125,346559,73932,234591,38036,24784,8508256,2.912935389
2002,HI,Hawaii,3262,24,372,,1210,1656,71976,12722,49344,9910,3220,1239613,2.597584891
2002,IA,Iowa,8388,44,797,,1169,6378,92877,18643,68411,5823,5333,2934234,1.817510124
2002,ID,Idaho,3419,36,497,,240,2646,39128,7441,29060,2627,2650,1340372,1.977063084
2002,IL,Illinois,75759,961,4370,,25314,45114,430479,81440,304227,44812,36637,12525556,2.924979937
2002,IN,India,22001,362,1843,,6612,13184,208965,42605,146073,20287,11350,6155967,1.843739578
2002,KS,Kansas,10229,78,1035,,2165,6951,100768,19679,73877,7212,7894,2713535,2.909120391
2002,KY,Kentucky,11101,191,1087,,3131,6692,108590,26891,72378,9321,8922,4089875,2.181484764
2002,LA,Louisia,29690,593,1529,,7123,20445,198838,45350,133302,20186,17530,4497267,3.897922894
2002,MA,Massachusetts,31137,173,1777,,7169,22018,167753,33243,107922,26588,17760,6417206,2.767559589
2002,MD,Maryland,42015,513,1370,,13417,26715,217105,39765,143320,34020,15328,5440389,2.817445591
2002,ME,Maine,1396,14,377,,270,735,32985,6965,24591,1429,2248,1295960,1.734621439
2002,MI,Michigan,54306,678,5364,,11847,36417,335060,70970,214367,49723,24709,10015710,2.467024305
2002,MN,Minnesota,13428,112,2273,,3937,7106,164026,28034,122150,13842,9448,5018935,1.882471082
2002,MO,Missouri,30557,331,1465,,7024,21737,230520,42721,159921,27878,13399,5674825,2.361130079
2002,MS,Mississippi,9858,264,1127,,3356,5111,109584,29593,70468,9523,5877,2858681,2.055843237
2002,MT,Monta,3197,16,237,,283,2661,28751,3289,23679,1783,1692,911667,1.85594082
2002,NC,North Caroli,39118,548,2196,,12205,24169,353708,99535,229307,24866,21233,8326201,2.550142616
2002,ND,North Dakota,496,5,163,,58,270,14762,2243,11501,1018,1169,638168,1.831806045
2002,NE,Nebraska,5428,48,464,,1359,3557,68178,10329,51440,6409,3550,1728292,2.054051052
2002,NH,New Hampshire,2056,12,446,,413,1185,26250,4838,19468,1944,3244,1269089,2.556164304
2002,NJ,New Jersey,32252,339,1365,,13955,16593,227715,43899,148061,35755,31026,8552643,3.62765054
2002,NM,New Mexico,13719,152,1027,,2206,10334,80477,19634,53406,7437,4155,1855309,2.239519131
2002,NV,Nevada,13856,181,928,,5118,7629,83896,18951,47459,17486,4926,2173791,2.266087218
2002,NY,New York,95030,909,3885,,36653,53583,442091,76700,318025,47366,65510,19137800,3.423068482
2002,OH,Ohio,40128,526,4809,,17871,16922,428976,99164,287045,42767,25715,11407889,2.254141849
2002,OK,Oklahoma,17587,163,1573,,2966,12885,148128,35171,100185,12772,7231,3489080,2.072466094
2002,OR,Oregon,10298,72,1238,,2742,6246,161145,25696,118925,16524,6032,3513424,1.71684374
2002,PA,Pennsylvania,49578,624,3731,,17163,28060,300868,55610,212441,32817,26481,12331031,2.147508996
2002,RI,Rhode Island,3051,41,395,,916,1699,35342,6415,24051,4876,2494,1065995,2.339598216
2002,SC,South Caroli,33761,298,1959,,5774,25730,183808,43745,123196,16867,11235,4107795,2.735043983
2002,SD,South Dakota,1350,11,361,,117,861,15992,3034,12139,819,1390,760020,1.828899239
2002,TN,Tennessee,41562,420,2290,,9413,29439,249399,61248,161610,26541,16432,5795918,2.835098771
2002,TX,Texas,126018,1302,8508,,37580,78628,1004274,212602,688992,102680,48934,21690325,2.256028898
2002,UT,Utah,5488,47,943,,1140,3358,97641,15124,74795,7722,4756,2324815,2.045754178
2002,VA,Virginia,21256,388,1839,,6961,12068,207783,31757,157548,18478,17627,7286873,2.41900744
2002,VT,Vermont,658,13,126,,77,442,14942,3489,10684,769,1031,615442,1.675218786
2002,WA,Washington,20964,184,2734,,5797,12249,288967,54948,193526,40493,10736,6052349,1.773856729
2002,WI,Wisconsin,12238,154,1237,,4713,6134,164749,27926,123365,13458,13216,5445162,2.427108688
2002,WV,West Virginia,4221,57,328,,657,3179,41099,9677,27524,3898,3450,1805414,1.910919047
2002,WY,Wyoming,1364,15,148,,93,1108,16494,2448,13303,743,1270,500017,2.539913643
2003,AK,Alaska,3877,39,605,,446,2787,24386,3874,18051,2461,1174,648414,1.810571641
2003,AL,Alabama,19331,299,1656,,6038,11338,182241,43245,124039,14957,10477,4503491,2.326417439
2003,AR,Arkansas,12449,180,911,,2227,9131,99084,25016,68061,6007,7407,2724816,2.718348688
2003,AZ,Arizo,28638,441,1856,,7619,18722,314335,58613,198725,56997,11196,5510364,2.031807699
2003,CA,California,205551,2407,9994,,63770,129380,1215086,242274,731486,241326,77624,35253159,2.201901963
2003,CO,Colorado,15757,185,1913,,3738,9921,179706,32394,124496,22816,11620,4528732,2.565839621
2003,CT,Connecticut,11045,112,698,,4212,6023,92981,16043,65568,11370,8654,3484336,2.483686992
2003,DC,District of Columbia,9061,249,274,,3941,4597,32696,4671,18119,9906,4509,568502,7.931370514
2003,DE,Delaware,5525,21,370,,1441,3693,27943,6066,18933,2944,3024,818003,3.696807958
2003,FL,Florida,124280,924,6727,,31523,85106,757696,170644,505489,81563,43384,17004085,2.551386917
2003,GA,Georgia,39435,657,2234,,14043,22501,369589,79001,247196,43392,35332,8622793,4.097512256
2003,HI,Hawaii,3400,22,367,,1168,1843,65867,11409,44807,9651,3237,1251154,2.587211486
2003,IA,Iowa,8175,50,796,,1131,6198,87554,17515,64400,5639,5343,2941999,1.816112106
2003,ID,Idaho,3362,26,535,,245,2556,40042,7837,29559,2646,2699,1363380,1.979638839
2003,IL,Illinois,70376,895,4189,,23786,41506,415885,78345,295907,41633,36714,12556006,2.924018991
2003,IN,India,21842,338,1720,,6401,13383,208039,41582,145686,20771,11400,6196638,1.839707274
2003,KS,Kansas,10831,125,1085,,2247,7374,109276,21973,79471,7832,8339,2723004,3.062426644
2003,KY,Kentucky,10232,181,1124,,3224,5703,103370,26034,69083,8253,10633,4117170,2.582599213
2003,LA,Louisia,28622,584,1601,,7008,19429,193698,44572,129471,19655,17320,4521042,3.830975249
2003,MA,Massachusetts,30377,140,1848,,8011,20378,164543,34963,104069,25511,17033,6422565,2.652055682
2003,MD,Maryland,38778,525,1358,,13302,23593,209418,38641,134372,36405,15288,5496269,2.781523248
2003,ME,Maine,1422,16,354,,289,763,32078,6579,24043,1456,2296,1306513,1.757349525
2003,MI,Michigan,51550,612,5470,,11254,34214,330565,68316,208538,53711,23772,10041152,2.367457439
2003,MN,Minnesota,13316,127,2092,,3906,7191,157663,27698,116216,13749,8602,5053572,1.702162352
2003,MO,Missouri,28067,289,1400,,6686,19692,233564,41997,161616,29951,13553,5709403,2.373803356
2003,MS,Mississippi,9336,267,1079,,3016,4974,106867,29564,68307,8996,5877,2868312,2.048940283
2003,MT,Monta,3351,30,246,,298,2777,28428,3722,22800,1906,1748,919630,1.900764438
2003,NC,North Caroli,38243,506,2139,,12229,23369,359660,100687,232081,26892,21781,8422501,2.586048966
2003,ND,North Dakota,508,9,160,,53,286,13364,1959,10327,1078,1210,638817,1.894126174
2003,NE,Nebraska,5105,56,504,,1165,3380,65189,10133,48924,6132,3637,1738643,2.091861296
2003,NH,New Hampshire,1937,17,438,,480,1002,26456,4589,19934,1933,2600,1279840,2.031503938
2003,NJ,New Jersey,31488,406,1288,,13342,16452,220350,43457,142287,34606,31765,8601402,3.693002606
2003,NM,New Mexico,12535,116,940,,1937,9542,76816,18997,50595,7224,4149,1877574,2.209766433
2003,NV,Nevada,13813,197,871,,5225,7520,96128,21958,53321,20849,4708,2248850,2.093514463
2003,NY,New York,89486,934,3775,,35790,48987,432079,75453,311422,45204,56786,19175939,2.961315219
2003,OH,Ohio,38185,526,4660,,16895,16104,417483,95083,281383,41017,25659,11434788,2.243941908
2003,OK,Oklahoma,17758,206,1501,,3224,12827,151208,34846,103404,12958,7192,3504892,2.051989048
2003,OR,Oregon,10506,68,1218,,2847,6373,169863,28562,122327,18974,6160,3547376,1.736494806
2003,PA,Pennsylvania,49210,647,3556,,17980,27027,300639,53918,213279,33442,26449,12374658,2.137351998
2003,RI,Rhode Island,3074,25,505,,830,1714,32231,5524,22320,4387,2515,1071342,2.347523013
2003,SC,South Caroli,33455,303,1952,,5801,25399,187592,43993,127809,15790,11130,4150297,2.681735789
2003,SD,South Dakota,1329,10,356,,104,859,15324,2878,11572,874,1328,763729,1.738836682
2003,TN,Tennessee,40409,396,2129,,9413,28471,256565,63323,166769,26473,16394,5847812,2.803441698
2003,TX,Texas,122246,1422,8025,,37017,75782,1016735,219877,698644,98214,51032,22030931,2.316379639
2003,UT,Utah,5889,60,919,,1258,3652,100084,16961,75321,7802,4976,2360137,2.108352185
2003,VA,Virginia,20490,416,1807,,6713,11554,200449,29105,153367,17977,17995,7366977,2.44265728
2003,VT,Vermont,707,15,126,,62,504,13803,3017,10132,654,1049,617858,1.697801113
2003,WA,Washington,21272,182,2863,,5718,12509,291542,58271,192653,40618,10768,6104115,1.764055887
2003,WI,Wisconsin,12104,183,1202,,4397,6322,157684,26546,118775,12363,15097,5479203,2.755327737
2003,WV,West Virginia,4627,73,311,,701,3542,42370,10498,28409,3463,3703,1812295,2.043265583
2003,WY,Wyoming,1314,14,136,,84,1080,16648,2611,13239,798,1352,503453,2.685454253
2004,AK,Alaska,4159,37,558,,447,3117,22172,3773,16159,2240,1252,659286,1.899024096
2004,AL,Alabama,19324,254,1742,,6042,11286,182340,44666,123650,14024,10589,4530729,2.337151483
2004,AR,Arkansas,13814,176,1183,,2372,10083,110911,30151,74242,6518,7157,2749686,2.602842652
2004,AZ,Arizo,28952,414,1896,,7721,18921,291203,56885,179012,55306,11673,5652404,2.06513901
2004,CA,California,189175,2392,9615,,61768,115400,1227194,245903,728687,252604,76432,35574576,2.14850066
2004,CO,Colorado,17121,201,1945,,3739,11236,180322,33010,123308,24004,12440,4575013,2.719117957
2004,CT,Connecticut,10113,100,755,,4188,5070,93942,15959,66770,11213,8445,3496094,2.4155529
2004,DC,District of Columbia,7590,198,222,,3202,3968,26896,3946,14542,8408,4764,567754,8.390958056
2004,DE,Delaware,5105,28,357,,1343,3377,27256,5669,19285,2302,2880,830803,3.466525759
2004,FL,Florida,123754,946,6612,,29997,86199,727141,166332,482484,78325,45130,17415318,2.591396838
2004,GA,Georgia,40217,613,2387,,13656,23561,376656,82992,249426,44238,35438,8769252,4.041165655
2004,HI,Hawaii,3213,33,333,,944,1903,60525,10827,41078,8620,3133,1273569,2.460015908
2004,IA,Iowa,8499,44,782,,1160,6513,85775,17928,62214,5633,5211,2953635,1.764266743
2004,ID,Idaho,3452,31,594,,241,2586,38799,7671,28389,2739,2883,1391802,2.071415331
2004,IL,Illinois,69365,780,4220,,22582,41783,403486,76088,287025,40373,36624,12589773,2.909027828
2004,IN,India,20294,316,1803,,6373,11802,211929,42168,148670,21091,11509,6233007,1.846460304
2004,KS,Kansas,10330,122,1142,,1812,7254,109771,20146,81115,8510,7960,2734373,2.911087844
2004,KY,Kentucky,10152,236,1238,,3268,5410,105209,25902,70535,8772,9989,4146101,2.409251487
2004,LA,Louisia,28844,574,1616,,6564,20090,199153,45359,134080,19714,17686,4552238,3.885121999
2004,MA,Massachusetts,29489,171,1794,,7484,20040,158150,34497,101605,22048,17139,6412281,2.672839821
2004,MD,Maryland,38961,521,1317,,12772,24351,202474,36704,129888,35882,16901,5546935,3.046907887
2004,ME,Maine,1364,18,315,,289,742,31740,6341,24096,1303,2310,1313688,1.758408389
2004,MI,Michigan,49737,643,5482,,11336,32276,309805,64233,194988,50584,23427,10055315,2.329812641
2004,MN,Minnesota,13751,113,2123,,4070,7445,155019,28048,113453,13518,8734,5087713,1.716684884
2004,MO,Missouri,28226,354,1479,,6630,19763,224629,40472,158264,25893,13628,5747741,2.371018458
2004,MS,Mississippi,8568,227,1161,,2503,4677,100980,27661,65440,7879,6005,2889010,2.078566706
2004,MT,Monta,2723,30,273,,233,2187,27215,3515,22082,1618,2556,930009,2.7483605
2004,NC,North Caroli,38244,532,2339,,11782,23591,355328,101193,227147,26988,22260,8553152,2.602549329
2004,ND,North Dakota,558,8,177,,43,330,12493,2040,9516,937,1291,644705,2.002466244
2004,NE,Nebraska,5393,40,620,,1138,3595,61512,9826,46399,5287,3668,1749370,2.096754832
2004,NH,New Hampshire,2202,17,466,,500,1219,26658,4979,19723,1956,2576,1290121,1.996711936
2004,NJ,New Jersey,30943,392,1331,,13076,16144,211313,41030,139977,30306,31761,8634561,3.678357244
2004,NM,New Mexico,13081,169,1039,,2062,9811,79895,19924,52069,7902,4222,1903808,2.217660604
2004,NV,Nevada,14379,172,954,,4905,8348,98215,23142,52438,22635,4777,2346222,2.036039215
2004,NY,New York,84914,889,3608,,33506,46911,422734,70696,311036,41002,64494,19171567,3.364044264
2004,OH,Ohio,38787,506,4744,,17429,16108,419337,96518,282168,40651,25820,11452251,2.254578598
2004,OK,Oklahoma,17635,186,1557,,3090,12802,149472,35244,101271,12957,7132,3525233,2.023128684
2004,OR,Oregon,10724,90,1283,,2751,6600,166475,30072,117868,18535,5776,3569463,1.618170576
2004,PA,Pennsylvania,50998,650,3535,,18474,28339,299611,54443,214199,30969,26373,12410722,2.125017384
2004,RI,Rhode Island,2673,26,320,,731,1596,31166,5465,21623,4078,3699,1074579,3.442278325
2004,SC,South Caroli,33160,286,1772,,5468,25634,190456,43739,130991,15726,11833,4210921,2.810074091
2004,SD,South Dakota,1319,17,336,,112,854,14885,3148,10890,847,1728,770396,2.2430023
2004,TN,Tennessee,41113,357,2282,,8863,29611,254991,60386,169828,24777,16607,5910809,2.809598483
2004,TX,Texas,121554,1364,8388,,35817,75985,1010702,220118,696507,94077,50874,22394023,2.271766891
2004,UT,Utah,5647,46,967,,1236,3398,97762,15225,74889,7648,4836,2401580,2.013674331
2004,VA,Virginia,20608,390,1816,,6899,11503,200368,28759,154154,17455,18036,7475575,2.41265722
2004,VT,Vermont,713,16,160,,78,459,14559,3435,10537,587,1084,619920,1.748612724
2004,WA,Washington,21330,190,2857,,5866,12417,300837,60632,196972,43233,10284,6178645,1.664442608
2004,WI,Wisconsin,11548,154,1136,,4067,6191,146710,23854,111482,11374,13365,5514026,2.423818821
2004,WV,West Virginia,5110,68,346,,774,3922,46326,10994,31566,3766,3421,1816438,1.883356327
2004,WY,Wyoming,1163,11,112,,67,973,16889,2738,13352,799,1310,509106,2.573138011
2005,AK,Alaska,4194,32,538,,537,3087,23975,4131,17249,2595,1216,666946,1.823236064
2005,AL,Alabama,19678,374,1564,,6447,11293,177393,43473,120780,13140,10692,4569805,2.339705961
2005,AR,Arkansas,14670,189,1202,,2532,10747,112914,30118,75510,7286,7043,2781097,2.53245392
2005,AZ,Arizo,30478,445,2006,,8579,19448,287345,56328,176112,54905,12067,5839077,2.066593744
2005,CA,California,190178,2503,9392,,63622,114661,1200531,250521,692467,257543,76702,35827943,2.140842973
2005,CO,Colorado,18498,173,2026,,3948,12351,188449,34746,127602,26101,12376,4631888,2.67191262
2005,CT,Connecticut,9542,105,712,,3933,4792,90270,15245,64416,10609,8442,3506956,2.40721583
2005,DC,District of Columbia,8032,195,166,,3700,3971,26133,3577,14836,7720,4767,567136,8.405391299
2005,DE,Delaware,5332,37,377,,1306,3612,26245,5811,18085,2349,2995,845150,3.54374963
2005,FL,Florida,125957,883,6592,,30141,88341,712998,164783,472912,75303,43965,17842038,2.464124334
2005,GA,Georgia,40725,564,2143,,14041,23977,378534,84463,249594,44477,35799,8925922,4.010678113
2005,HI,Hawaii,3253,24,343,,1001,1885,61115,9792,42188,9135,3243,1292729,2.508646437
2005,IA,Iowa,8697,40,847,,1153,6657,84370,18147,60723,5500,5270,2964454,1.777730402
2005,ID,Idaho,3670,35,577,,266,2792,38556,8066,27606,2884,3110,1428241,2.177503657
2005,IL,Illinois,70496,770,4313,,23255,42158,394670,77635,277662,39373,36716,12609903,2.911679812
2005,IN,India,20302,356,1856,,6809,11281,216778,43756,151278,21744,11512,6278616,1.833525095
2005,KS,Kansas,10701,101,1098,,1795,7707,104588,19028,76222,9338,7943,2745299,2.893309618
2005,KY,Kentucky,11134,190,1421,,3690,5833,105608,26458,70354,8796,10270,4182742,2.455327151
2005,LA,Louisia,26889,450,1421,,5337,19681,166611,39382,112840,14389,17355,4576628,3.792093218
2005,MA,Massachusetts,29644,178,1751,,7837,19878,151727,34728,98079,18920,16976,6403290,2.65113715
2005,MD,Maryland,39369,552,1266,,14378,23173,198483,35922,128491,34070,15346,5592379,2.744091557
2005,ME,Maine,1483,19,326,,323,815,31889,6323,24218,1348,2272,1318787,1.722795266
2005,MI,Michigan,55936,629,5199,,13348,36760,312892,70527,194090,48275,22820,10051137,2.270389907
2005,MN,Minnesota,15243,115,2258,,4724,8146,158301,29716,114304,14281,9226,5119598,1.802094618
2005,MO,Missouri,30477,402,1625,,7196,21254,227809,42822,159288,25699,13367,5790300,2.308515966
2005,MS,Mississippi,8131,214,1147,,2405,4365,95231,26866,60873,7492,5946,2905943,2.046151628
2005,MT,Monta,2634,18,301,,177,2138,29407,3642,23794,1971,1790,940102,1.90404871
2005,NC,North Caroli,40650,585,2302,,12635,25128,353855,104298,221091,28466,22526,8705407,2.587587232
2005,ND,North Dakota,706,12,180,,54,460,12848,2043,9732,1073,1247,646089,1.930074649
2005,NE,Nebraska,5052,44,581,,1040,3387,60348,9408,45359,5581,3661,1761497,2.078345862
2005,NH,New Hampshire,1761,19,406,,365,971,24031,4192,18493,1346,2622,1298492,2.019265425
2005,NJ,New Jersey,30919,417,1208,,13215,16079,203391,38980,136728,27683,32330,8651974,3.736719505
2005,NM,New Mexico,12448,144,1041,,1893,9370,79575,20939,50707,7929,4329,1932274,2.240365497
2005,NV,Nevada,14654,206,1016,,4702,8730,102424,23481,52012,26931,4985,2432143,2.049632772
2005,NY,New York,85839,874,3636,,35179,46150,405990,68034,302220,35736,64807,19132610,3.38725349
2005,OH,Ohio,40162,590,4671,,18673,16228,420705,100183,279051,41471,25780,11463320,2.248912183
2005,OK,Oklahoma,18044,187,1481,,3230,13146,143406,35692,93814,13900,7132,3548597,2.009808383
2005,OR,Oregon,10444,80,1266,,2478,6620,160199,27621,113316,19262,5965,3613202,1.650890263
2005,PA,Pennsylvania,52761,756,3586,,19214,29205,300444,56134,214916,29394,26465,12449990,2.125704519
2005,RI,Rhode Island,2710,34,323,,776,1577,29287,5319,19567,4401,2566,1067916,2.402810708
2005,SC,South Caroli,32590,314,1862,,5657,24757,185606,42741,126489,16376,12082,4270150,2.829408803
2005,SD,South Dakota,1387,18,377,,145,847,13694,2505,10350,839,1682,775493,2.168942853
2005,TN,Tennessee,45104,431,2194,,10009,32470,256093,61508,169357,25228,16218,5991057,2.707034835
2005,TX,Texas,121091,1407,8511,,35790,75383,990293,219828,677042,93423,51403,22778123,2.256682871
2005,UT,Utah,5612,56,920,,1095,3541,95546,14971,72082,8493,4842,2457719,1.970119448
2005,VA,Virginia,21434,458,1763,,7495,11718,200404,29829,154584,15991,18054,7577105,2.382704212
2005,VT,Vermont,782,8,153,,76,545,14749,3185,10894,670,1263,621215,2.033112529
2005,WA,Washington,21745,205,2811,,5788,12941,307661,60343,198031,49287,10654,6257305,1.702649943
2005,WI,Wisconsin,13367,206,1135,,4555,7471,147556,24448,110531,12577,13399,5546166,2.415903166
2005,WV,West Virginia,4968,82,335,,816,3735,47757,11334,32603,3820,3445,1820492,1.892345586
2005,WY,Wyoming,1172,14,122,,78,958,16070,2426,12905,739,1340,514157,2.606207831
2006,AK,Alaska,4610,36,512,,600,3462,23975,4155,17284,2536,1259,675302,1.864351061
2006,AL,Alabama,19553,382,1646,,7062,10463,181249,44780,121451,15018,10686,4628981,2.30849943
2006,AR,Arkansas,15538,205,1325,,2749,11259,112025,31864,72646,7515,6961,2821761,2.466899216
2006,AZ,Arizo,33456,533,2449,,9491,20983,294389,59418,178321,56650,12271,6029141,2.035281643
2006,CA,California,194483,2486,9235,,71142,111620,1159988,247230,669103,243655,78066,36021202,2.167223626
2006,CO,Colorado,18794,171,2158,,3824,12641,163439,32411,110372,20656,12205,4720423,2.585573369
2006,CT,Connecticut,10505,137,696,,4460,5212,90638,15583,64765,10290,8455,3517460,2.403723141
2006,DC,District of Columbia,8772,169,185,,3829,4589,27064,3835,15908,7321,4796,570681,8.403994526
2006,DE,Delaware,5983,42,417,,1791,3733,29670,6337,20449,2884,2871,859268,3.341216012
2006,FL,Florida,129602,1129,6475,,34147,87851,721101,170873,473774,76454,48329,18166990,2.660264579
2006,GA,Georgia,44754,605,2169,,15511,26469,362712,85140,234445,43127,36273,9155813,3.961745396
2006,HI,Hawaii,3608,21,353,,1144,2090,54247,8724,37784,7739,3317,1309731,2.532581118
2006,IA,Iowa,8521,55,871,,1309,6286,84202,18160,60998,5044,5300,2982644,1.776946897
2006,ID,Idaho,3666,35,611,,294,2726,35135,7545,25154,2436,2926,1468669,1.992280085
2006,IL,Illinois,69498,780,4078,,23782,40858,387478,77259,272578,37641,37415,12643955,2.959121572
2006,IN,India,20303,361,1811,,7175,10956,217783,45538,150655,21590,11405,6332669,1.800978387
2006,KS,Kansas,11960,125,1279,,1878,8678,104260,20086,75450,8724,8551,2762931,3.094901755
2006,KY,Kentucky,11361,173,1312,,3850,6026,109428,27867,72197,9364,10521,4219239,2.493577633
2006,LA,Louisia,30923,555,1587,,5928,22853,174975,46703,112605,15667,17296,4302665,4.019834219
2006,MA,Massachusetts,32217,188,1771,,8080,22178,153943,35243,100725,17975,17393,6410084,2.713380979
2006,MD,Maryland,38111,546,1178,,14376,22011,195484,37459,127502,30523,17053,5627367,3.030369265
2006,ME,Maine,1533,23,341,,383,786,33658,6846,25465,1347,2317,1323619,1.750503733
2006,MI,Michigan,56981,721,5347,,14229,36684,325594,76313,199183,50098,22396,10036081,2.23154835
2006,MN,Minnesota,16042,126,1645,,5441,8830,159276,30306,115693,13277,8636,5163555,1.672491142
2006,MO,Missouri,31897,369,1764,,7597,22167,224007,44734,153874,25399,13857,5842704,2.371675854
2006,MS,Mississippi,9076,231,1039,,3259,4547,92853,27117,57406,8330,6051,2904978,2.082976188
2006,MT,Monta,3564,33,348,,233,2950,26986,3380,21659,1947,1859,952692,1.951312701
2006,NC,North Caroli,42088,539,2495,,13468,25586,364549,107333,227114,30102,22989,8917270,2.578031169
2006,ND,North Dakota,1255,14,241,,75,925,13359,2601,9672,1086,1226,649422,1.887832565
2006,NE,Nebraska,5197,51,577,,1136,3433,59411,9535,44710,5166,3680,1772693,2.075937571
2006,NH,New Hampshire,1785,13,295,,435,1042,26060,4395,20179,1486,2661,1308389,2.033798817
2006,NJ,New Jersey,30550,427,1201,,13360,15562,198820,39384,134687,24749,32129,8661679,3.709327025
2006,NM,New Mexico,12797,134,1073,,2095,9495,76000,20906,45864,9230,4188,1962137,2.134407536
2006,NV,Nevada,18687,226,1092,,7038,10331,102338,24902,50429,27007,5281,2522658,2.093426854
2006,NY,New York,84016,922,3168,,34459,45467,398577,68617,297827,32133,64856,19104631,3.394778994
2006,OH,Ohio,41491,560,4770,,19418,16743,423334,105639,279718,37977,26430,11481213,2.302021572
2006,OK,Oklahoma,17905,210,1488,,3145,13062,129728,34437,81853,13438,7208,3594090,2.005514609
2006,OR,Oregon,10534,88,1219,,2711,6516,137858,24324,98897,14637,5849,3670883,1.593349611
2006,PA,Pennsylvania,55028,741,3611,,21095,29581,304589,57739,217142,29708,26838,12510809,2.145185016
2006,RI,Rhode Island,2460,27,289,,740,1404,27914,5453,18852,3609,2570,1063096,2.417467472
2006,SC,South Caroli,33322,362,1834,,5902,25224,184712,42952,125075,16685,12146,4357847,2.787156135
2006,SD,South Dakota,2071,30,465,,158,1418,13812,3024,9954,834,1537,783033,1.962880236
2006,TN,Tennessee,46043,419,2194,,11143,32287,249860,63024,164183,22653,15997,6088766,2.627297551
2006,TX,Texas,121602,1386,8429,,37256,74531,959846,215710,648711,95425,51007,23359580,2.183558095
2006,UT,Utah,5771,51,891,,1242,3587,89572,14721,66480,8371,4650,2525507,1.841214457
2006,VA,Virginia,21683,403,1829,,7779,11672,190257,32166,143292,14799,18508,7673725,2.411866466
2006,VT,Vermont,905,14,173,,114,604,14920,3443,10857,620,1185,622892,1.90241647
2006,WA,Washington,22303,197,2748,,6424,12934,288456,58843,183179,46434,10501,6370753,1.648313786
2006,WI,Wisconsin,15899,165,1233,,5564,8937,156748,27038,115682,14028,13709,5577655,2.457842947
2006,WV,West Virginia,5113,80,404,,853,3776,47941,11579,32305,4057,3745,1827912,2.048785718
2006,WY,Wyoming,1307,13,151,,72,1071,15381,2322,12255,804,1348,522667,2.579079988
2007,AK,Alaska,4520,43,545,,581,3351,23096,3734,16929,2433,1246,680300,1.831544907
2007,AL,Alabama,20775,412,1548,,7398,11417,184082,45379,124465,14238,10885,4672840,2.329418512
2007,AR,Arkansas,15226,198,1294,,3105,10629,112130,32035,73096,6999,7037,2848650,2.470292946
2007,AZ,Arizo,32835,548,2353,,9764,20170,287308,59988,177076,50244,12882,6167681,2.088629422
2007,CA,California,191561,2262,9046,,70706,109547,1112510,237850,654526,220134,81076,36250311,2.236560122
2007,CO,Colorado,17101,155,2075,,3461,11410,145808,28633,100519,16656,12496,4803868,2.60123717
2007,CT,Connecticut,10547,113,690,,4303,5441,86528,15640,60937,9951,8643,3527270,2.450336946
2007,DC,District of Columbia,8325,181,192,,4265,3687,28922,3926,17390,7606,4902,574404,8.534063133
2007,DE,Delaware,6100,39,341,,1763,3957,29216,6420,20454,2342,2847,871749,3.265848312
2007,FL,Florida,131878,1202,6149,,38155,86372,746249,181836,490783,73630,45359,18367842,2.469478995
2007,GA,Georgia,46917,720,2198,,17291,26708,371248,90294,238436,42518,37556,9349988,4.016689647
2007,HI,Hawaii,3544,24,377,,1122,2021,52866,9089,37494,6283,3302,1315675,2.509738347
2007,IA,Iowa,8970,39,970,,1328,6633,79133,17176,57018,4939,5420,2999212,1.807141342
2007,ID,Idaho,3841,49,607,,243,2942,34124,7131,24727,2266,2967,1505105,1.971291039
2007,IL,Illinois,68528,752,4103,,23100,40573,377322,75524,267911,33887,37489,12695866,2.952850952
2007,IN,India,21310,350,1738,,7845,11377,213887,46485,147999,19403,11645,6379599,1.825349838
2007,KS,Kansas,12730,106,1287,,2022,9315,102961,20461,73900,8600,8706,2783785,3.127396692
2007,KY,Kentucky,12329,206,1365,,4068,6690,107987,27820,71489,8678,11367,4256672,2.670396028
2007,LA,Louisia,31789,625,1427,,6316,23421,180516,46932,118291,15293,16783,4375581,3.835604917
2007,MA,Massachusetts,28487,187,1643,,7021,19636,154743,35767,103925,15051,17633,6431559,2.741636981
2007,MD,Maryland,36063,554,1179,,13258,21072,192796,37095,127308,28393,15953,5653408,2.82183773
2007,ME,Maine,1565,20,392,,349,804,32249,6745,24228,1276,2440,1327040,1.838678563
2007,MI,Michigan,53765,661,4592,,13365,35147,308550,75273,191289,41988,22348,10001284,2.234513089
2007,MN,Minnesota,15054,116,1873,,4770,8295,158257,29717,115892,12648,8868,5207203,1.703025597
2007,MO,Missouri,32962,367,1785,,7728,23082,225113,44897,156319,23897,15440,5887612,2.62245542
2007,MS,Mississippi,8502,202,1033,,2896,4371,90887,27223,56473,7191,6076,2928350,2.074888589
2007,MT,Monta,3638,27,363,,233,3015,27837,3476,22315,2046,1887,964706,1.956036347
2007,NC,North Caroli,42231,584,2386,,13534,25727,369893,108700,233241,27952,23393,9118037,2.565574147
2007,ND,North Dakota,1343,17,252,,75,999,12796,2314,9500,982,1273,652822,1.949995558
2007,NE,Nebraska,5524,71,550,,1115,3788,55765,9035,41484,5246,3551,1783440,1.99109586
2007,NH,New Hampshire,1896,12,357,,451,1076,26394,5074,19909,1411,2923,1312540,2.226979749
2007,NJ,New Jersey,28544,381,1032,,12567,14564,192338,37234,133145,21959,32911,8677885,3.792513959
2007,NM,New Mexico,13311,183,1028,,2323,9777,75168,20823,45442,8903,4320,1990070,2.170777912
2007,NV,Nevada,19365,193,1096,,6938,11138,97118,24911,49844,22363,6414,2601072,2.465906365
2007,NY,New York,79962,805,2928,,31085,45144,383624,64914,290681,28029,64628,19132335,3.377946288
2007,OH,Ohio,40759,529,4661,,18351,17218,397681,99049,264677,33955,26248,11500468,2.282341901
2007,OK,Oklahoma,18234,224,1565,,3392,13053,128714,34367,80747,13600,7435,3634349,2.045758401
2007,OR,Oregon,11015,76,1276,,2864,6799,132773,22979,95157,14637,6869,3722417,1.845306423
2007,PA,Pennsylvania,51806,725,3443,,19440,28198,293850,56091,211248,26511,27387,12563937,2.179810357
2007,RI,Rhode Island,2424,19,258,,760,1387,27576,5206,19175,3195,2600,1057315,2.459059032
2007,SC,South Caroli,34630,364,1773,,6354,26139,189304,45398,126802,17104,12282,4444110,2.763657965
2007,SD,South Dakota,1926,31,433,,118,1344,13829,2647,10398,784,1526,791623,1.927685274
2007,TN,Tennessee,46482,405,2201,,11033,32843,252342,61817,168807,21718,16355,6175727,2.648271208
2007,TX,Texas,122014,1419,8460,,38778,73357,985421,228320,663101,94000,53517,23831983,2.245595761
2007,UT,Utah,6347,59,935,,1425,3928,93082,15594,68573,8915,4794,2597746,1.845446014
2007,VA,Virginia,21035,415,1793,,7696,11131,191763,32028,145634,14101,18847,7751000,2.431557218
2007,VT,Vermont,802,13,128,,79,582,14702,3200,10853,649,1201,623481,1.926281635
2007,WA,Washington,21768,174,2653,,6079,12862,261776,52874,170782,38120,10578,6461587,1.637059131
2007,WI,Wisconsin,16330,185,1227,,5480,9438,159305,27890,117957,13458,13489,5610775,2.404124207
2007,WV,West Virginia,5016,65,388,,847,3716,45620,10822,31321,3477,3631,1834052,1.979769385
2007,WY,Wyoming,1344,21,172,,84,1067,15053,2365,11875,813,1438,534876,2.68847359
2008,AK,Alaska,4475,27,447,,645,3356,20090,3237,15225,1628,1299,687455,1.889578227
2008,AL,Alabama,21110,351,1618,,7346,11795,190416,50411,126539,13466,11201,4718206,2.37399554
2008,AR,Arkansas,14649,165,1463,,2777,10244,110360,33912,69905,6543,6348,2874554,2.208342581
2008,AZ,Arizo,31567,462,2200,,9809,19096,266653,58606,169460,38587,13359,6280362,2.127106686
2008,CA,California,185329,2142,8903,,69388,104896,1080996,237811,650656,192529,83889,36604337,2.291777611
2008,CO,Colorado,17480,165,2151,,3404,11760,139340,28054,97937,13349,13046,4889730,2.668040976
2008,CT,Connecticut,10737,132,680,,4043,5882,87210,15107,63212,8891,8757,3545579,2.469836379
2008,DC,District of Columbia,8509,186,186,,4430,3707,30211,3788,19958,6465,5076,580236,8.74816454
2008,DE,Delaware,6187,57,371,,1847,3912,31385,6783,22045,2557,2908,883874,3.290061706
2008,FL,Florida,126256,1168,5972,,36268,82848,758889,188472,506902,63515,45637,18527305,2.463229272
2008,GA,Georgia,47353,640,2334,,17808,26571,387917,100564,247709,39644,38327,9504843,4.032365395
2008,HI,Hawaii,3510,26,363,,1085,2036,45944,9404,31424,5116,3418,1332213,2.565655792
2008,IA,Iowa,8651,77,937,,1249,6388,73273,16598,52299,4376,5438,3016734,1.802611699
2008,ID,Idaho,3680,23,579,,239,2839,31940,6748,23532,1660,3000,1534320,1.95526357
2008,IL,Illinois,67780,790,4118,,24054,38818,378355,78968,266815,32572,37470,12747038,2.939506417
2008,IN,India,21525,322,1711,,7580,11912,213639,48805,147334,17500,11818,6424806,1.839432973
2008,KS,Kansas,11554,113,1226,,1681,8534,94882,19651,67826,7405,8484,2808076,3.021285749
2008,KY,Kentucky,12690,201,1457,,4080,6952,114492,29556,77279,7657,12164,4289878,2.835511872
2008,LA,Louisia,29613,544,1250,,6241,21578,171179,45524,112091,13564,18046,4435586,4.068459049
2008,MA,Massachusetts,30137,166,1751,,7077,21143,155919,36251,106913,12755,17285,6468967,2.67198766
2008,MD,Maryland,35393,493,1127,,13203,20570,198165,38849,133983,25333,16106,5684965,2.833086923
2008,ME,Maine,1572,31,379,,333,829,32433,6559,24695,1179,2298,1330509,1.727158554
2008,MI,Michigan,51512,554,4507,,13246,33205,295100,74787,184558,35755,22369,9946889,2.248843834
2008,MN,Minnesota,13853,110,1805,,4179,7759,149517,26558,112764,10195,9090,5247018,1.732412582
2008,MO,Missouri,29701,456,1612,,7395,20238,216522,45763,150002,20757,15787,5923916,2.664960138
2008,MS,Mississippi,8942,236,958,,3079,4669,85488,25506,53730,6252,6150,2947806,2.086297402
2008,MT,Monta,3013,40,358,,204,2411,26300,3689,20834,1777,1861,976415,1.905951875
2008,NC,North Caroli,43125,599,2296,,14323,25907,372763,111556,234480,26727,23965,9309449,2.574266211
2008,ND,North Dakota,1441,11,331,,73,1026,13029,2336,9782,911,1288,657569,1.958729806
2008,NE,Nebraska,5570,69,601,,1297,3603,51350,8731,38394,4225,3661,1796378,2.037989777
2008,NH,New Hampshire,2054,14,385,,421,1234,28387,4266,22714,1407,2831,1315906,2.151369475
2008,NJ,New Jersey,28351,376,1122,,12701,14152,199127,40402,138545,20180,32460,8711090,3.726284541
2008,NM,New Mexico,12967,161,1118,,2151,9537,75718,20706,46995,8017,4376,2010662,2.176397624
2008,NV,Nevada,18973,165,1106,,6486,11216,90006,24254,49814,15938,5747,2653630,2.165712628
2008,NY,New York,77546,836,2798,,31787,42125,388599,65544,297962,25093,65570,19212436,3.412893607
2008,OH,Ohio,40436,547,4531,,18706,16652,391667,102428,260788,28451,27239,11515391,2.36544291
2008,OK,Oklahoma,19359,215,1471,,3698,13975,126535,35247,80265,11023,8025,3668976,2.187258788
2008,OR,Oregon,9909,87,1183,,2656,5983,125169,21115,92677,11377,6856,3768748,1.819171778
2008,PA,Pennsylvania,51044,705,3485,,18873,27981,300294,58687,219115,22492,27136,12612285,2.151553029
2008,RI,Rhode Island,2656,31,282,,880,1463,29895,5766,20926,3203,2592,1055003,2.456865052
2008,SC,South Caroli,32746,307,1686,,6595,24158,189950,45964,126316,17670,12656,4528996,2.794438326
2008,SD,South Dakota,2227,37,562,,134,1494,13867,2683,10266,918,1496,799124,1.872049895
2008,TN,Tennessee,44913,412,2078,,10804,31619,251089,65093,166793,19203,16528,6247411,2.645575903
2008,TX,Texas,123585,1370,8055,,37739,76421,969865,230046,654435,85384,53497,24309039,2.200704026
2008,UT,Utah,6165,41,915,,1421,3788,92373,14766,70299,7308,4819,2663029,1.809593512
2008,VA,Virginia,20031,370,1794,,7470,10397,196726,32188,151191,13347,19168,7833496,2.446927911
2008,VT,Vermont,854,17,133,,93,611,15903,3515,11802,586,1091,624151,1.747974448
2008,WA,Washington,21888,193,2653,,6419,12623,249283,53136,167013,29134,12282,6562231,1.871619576
2008,WI,Wisconsin,15507,146,1128,,5163,9070,155456,27459,116456,11541,13457,5640996,2.385571626
2008,WV,West Virginia,5006,67,389,,896,3654,45971,10840,31967,3164,3463,1840310,1.881748184
2008,WY,Wyoming,1330,12,185,,87,1046,14515,2198,11584,733,1429,546043,2.617010016
2009,AK,Alaska,4424,22,513,,654,3235,20538,3600,15251,1687,1304,698895,1.865802445
2009,AL,Alabama,21194,322,1504,,6265,13103,178007,48844,118072,11091,11522,4757938,2.421637272
2009,AR,Arkansas,14905,179,1378,,2576,10772,109078,34753,68228,6097,6392,2896843,2.206540016
2009,AZ,Arizo,28128,380,2279,,8199,17270,236721,54308,155976,26437,13092,6343154,2.063957457
2009,CA,California,174934,1972,8713,,64093,100156,1009433,230198,615402,163833,82902,36961229,2.242944898
2009,CO,Colorado,17022,159,2269,,3371,11223,134196,26637,95079,12480,12900,4972195,2.594427612
2009,CT,Connecticut,10588,106,657,,4001,5824,82625,15172,59992,7461,8661,3561807,2.431630911
2009,DC,District of Columbia,8089,145,150,,4404,3390,28495,3696,19267,5532,5118,592228,8.641941955
2009,DE,Delaware,5713,41,395,,1680,3597,29685,6943,20836,1906,2908,891730,3.261076783
2009,FL,Florida,113541,1017,5501,,30911,76112,712010,181884,479867,50259,46221,18652644,2.477986499
2009,GA,Georgia,42073,566,2323,,14631,24553,360985,98606,229216,33163,38944,9620846,4.047876871
2009,HI,Hawaii,3550,23,385,,1030,2112,47516,9244,33415,4857,3411,1346717,2.532826125
2009,IA,Iowa,8485,38,890,,1201,6356,70080,16419,49757,3904,5573,3032870,1.837533425
2009,ID,Idaho,3805,24,575,,254,2952,31220,6682,23066,1472,3010,1554439,1.936389913
2009,IL,Illinois,64185,773,3901,,22923,36588,353347,77850,248821,26676,36788,12796778,2.874786138
2009,IN,India,21455,312,1621,,7347,12175,199907,48880,137190,13837,12094,6459325,1.872331861
2009,KS,Kansas,11460,125,1179,,1786,8370,90930,19473,65499,5958,8232,2832704,2.906057251
2009,KY,Kentucky,11000,184,1531,,3642,5643,108914,29880,72938,6096,10449,4317074,2.420389366
2009,LA,Louisia,28878,529,1351,,6150,20848,172619,46928,114102,11589,17804,4491648,3.96380126
2009,MA,Massachusetts,30503,173,1734,,7467,21129,153178,34515,106799,11864,16711,6517613,2.563975492
2009,MD,Maryland,33625,440,1156,,12007,20022,182295,36905,125771,19619,16157,5730388,2.819529847
2009,ME,Maine,1580,26,375,,399,780,31706,6729,23955,1022,2319,1329590,1.744146692
2009,MI,Michigan,49825,623,4524,,12427,32251,284019,76046,178628,29345,21637,9901591,2.185204378
2009,MN,Minnesota,12874,74,1789,,3619,7392,139286,25580,105160,8546,9085,5281203,1.720251996
2009,MO,Missouri,29513,387,1606,,7437,20083,201783,43591,140764,17428,16103,5961088,2.701352505
2009,MS,Mississippi,8451,194,991,,2969,4297,87327,29559,52329,5439,6355,2958774,2.147849075
2009,MT,Monta,2798,32,357,,228,2181,24826,3686,19528,1612,1893,983982,1.92381568
2009,NC,North Caroli,37946,489,2306,,11825,23326,343707,107830,215923,19954,24267,9449566,2.568054448
2009,ND,North Dakota,1723,12,296,,107,1308,12813,2426,9474,913,1308,664968,1.967011946
2009,NE,Nebraska,5199,41,617,,1220,3321,49731,8726,37496,3509,3822,1812683,2.108476772
2009,NH,New Hampshire,2125,11,399,,454,1261,28790,4915,22748,1127,2758,1316102,2.095582257
2009,NJ,New Jersey,27113,319,1041,,11639,14114,180752,36945,128303,15504,32585,8755602,3.721617314
2009,NM,New Mexico,12709,198,1069,,1932,9510,74639,21955,46182,6502,4622,2036802,2.269243648
2009,NV,Nevada,18639,156,1024,,6028,11431,80976,22115,46463,12398,6003,2684665,2.236033174
2009,NY,New York,75110,781,2582,,28141,43606,377537,62769,292897,21871,64710,19307066,3.351622665
2009,OH,Ohio,38305,527,4119,,17670,15989,376446,104009,249777,22660,25938,11528896,2.249825135
2009,OK,Oklahoma,18560,234,1535,,3358,13433,132350,38071,83813,10466,8176,3717572,2.19928491
2009,OR,Oregon,9968,88,1202,,2499,6179,114780,19739,85064,9977,6916,3808600,1.815890353
2009,PA,Pennsylvania,48188,664,3626,,17504,26394,277182,54772,204588,17822,27296,12666858,2.154914818
2009,RI,Rhode Island,2678,32,296,,785,1565,27558,5753,19403,2402,2563,1053646,2.432505794
2009,SC,South Caroli,30799,305,1663,,5753,23078,178310,45443,119250,13617,12257,4589872,2.67044484
2009,SD,South Dakota,1777,30,501,,117,1129,14378,2621,10891,866,1514,807067,1.875928516
2009,TN,Tennessee,41933,468,2019,,9653,29793,237157,63832,158309,15016,16863,6306019,2.674111829
2009,TX,Texas,121684,1330,8311,,38022,74021,995082,240058,678455,76569,55733,24801761,2.247138822
2009,UT,Utah,5998,39,941,,1304,3714,91751,15258,69556,6937,4926,2723421,1.808754504
2009,VA,Virginia,18195,370,1572,,6342,9911,194020,31956,150374,11690,19080,7925937,2.407286356
2009,VT,Vermont,837,8,132,,111,586,15010,3471,11090,449,1191,624817,1.906158123
2009,WA,Washington,22412,190,2583,,6711,12928,245215,53047,168421,23747,12290,6667426,1.843290049
2009,WI,Wisconsin,14650,146,1118,,4904,8482,147692,26813,111947,8932,13337,5669264,2.352509955
2009,WV,West Virginia,5554,84,470,,914,4086,46215,12005,31453,2757,3808,1847775,2.060856977
2009,WY,Wyoming,1196,11,172,,78,935,14243,2176,11310,757,1482,559851,2.647132898
2010,AK,Alaska,4537,31,533,,594,3379,20259,3105,15535,1619,1258,713910,1.762126879
2010,AL,Alabama,18363,275,1355,,4864,11869,168828,42484,115564,10780,11242,4785437,2.349210741
2010,AR,Arkansas,14711,134,1321,,2369,10887,103820,32463,65796,5561,6429,2921964,2.200232446
2010,AZ,Arizo,26528,408,2191,,6953,16976,226802,50932,154137,21733,12791,6407172,1.996356583
2010,CA,California,164133,1809,8331,,58116,95877,981939,228857,600558,152524,81612,37319502,2.186845902
2010,CO,Colorado,16339,129,2230,,3164,10816,135001,26196,97534,11271,12803,5047349,2.536579103
2010,CT,Connecticut,10083,133,595,,3553,5802,78259,15145,56413,6701,8697,3579114,2.429930983
2010,DC,District of Columbia,8026,132,187,,4325,3382,28802,4233,19514,5055,4566,605226,7.544289241
2010,DE,Delaware,5608,51,326,,1839,3392,31078,7550,21593,1935,3562,899593,3.959568383
2010,FL,Florida,101969,987,5373,,26086,69523,669035,169119,458454,41462,46402,18845537,2.462227529
2010,GA,Georgia,39068,555,2107,,12372,24034,353449,96947,226161,30341,39344,9711881,4.051120478
2010,HI,Hawaii,3603,25,377,,1065,2136,45667,8706,31681,5280,3368,1363963,2.469275193
2010,IA,Iowa,8191,38,883,,1012,6258,68740,16746,48194,3800,5549,3050745,1.818899974
2010,ID,Idaho,3464,22,533,,213,2696,31436,6513,23594,1329,3153,1570746,2.007326455
2010,IL,Illinois,57132,704,3066,,20386,32976,349064,77472,242681,28911,35630,12840503,2.774813417
2010,IN,India,20983,268,1760,,6559,12396,199274,48570,137204,13500,12054,6490432,1.85719533
2010,KS,Kansas,10602,97,1146,,1538,7821,89109,19315,63774,6020,8003,2858190,2.800023791
2010,KY,Kentucky,10604,188,1438,,3748,5230,111170,30443,74488,6239,10013,4348181,2.302802022
2010,LA,Louisia,25241,500,1230,,5297,18214,165667,45437,110260,9970,17397,4544532,3.828116955
2010,MA,Massachusetts,30737,214,1784,,6897,21842,154496,37903,105124,11469,16478,6566307,2.50947755
2010,MD,Maryland,31607,426,1228,,11054,18899,173309,36704,118578,18027,15994,5788645,2.762995485
2010,ME,Maine,1621,24,389,,412,796,32900,7364,24547,989,2301,1327629,1.733164913
2010,MI,Michigan,48693,580,4733,,11522,31858,271501,74345,169748,27408,21173,9877510,2.143556423
2010,MN,Minnesota,12515,96,1798,,3388,7233,136431,24415,103429,8587,9183,5310828,1.729108907
2010,MO,Missouri,27440,420,1445,,6185,19390,200858,44197,140526,16135,16030,5995974,2.673460559
2010,MS,Mississippi,7999,204,931,,2777,4087,88596,30453,52784,5359,6546,2970548,2.203633808
2010,MT,Monta,2733,25,332,,154,2222,25409,3692,20166,1551,1992,990697,2.010705594
2010,NC,North Caroli,34679,474,2002,,9620,22583,329202,102826,208057,18319,24728,9574323,2.582741359
2010,ND,North Dakota,1548,10,245,,90,1203,12010,2000,9137,873,1407,674715,2.085324915
2010,NE,Nebraska,5093,54,674,,1020,3345,48827,8318,36896,3613,3747,1829542,2.048053557
2010,NH,New Hampshire,2204,13,411,,450,1330,29230,5444,22789,997,2722,1316762,2.067192097
2010,NJ,New Jersey,27055,371,981,,11818,13885,183042,38732,128754,15556,31553,8799446,3.585793924
2010,NM,New Mexico,12147,140,959,,1616,9432,70776,21023,44503,5250,4536,2064552,2.197086826
2010,NV,Nevada,17929,158,965,,5298,11508,75004,22286,42533,10185,5900,2702405,2.183240484
2010,NY,New York,76492,868,2797,,28630,44197,379710,65839,293232,20639,63848,19399878,3.291154718
2010,OH,Ohio,36306,479,3730,,16486,15611,376836,107125,248581,21130,25560,11539336,2.21503213
2010,OK,Oklahoma,18100,195,1469,,3345,13091,129464,37848,81303,10313,7998,3759944,2.127159341
2010,OR,Oregon,9648,96,1239,,2421,5892,116657,20035,87494,9128,7033,3837491,1.832707881
2010,PA,Pennsylvania,46612,653,3472,,16375,26112,276366,55206,204440,16720,27335,12711160,2.150472498
2010,RI,Rhode Island,2709,29,298,,782,1600,26959,6124,18432,2403,2547,1053959,2.416602543
2010,SC,South Caroli,27923,265,1551,,5017,21090,181098,46261,121544,13293,12429,4635649,2.681177975
2010,SD,South Dakota,2196,23,385,,154,1634,15188,3192,11196,800,1558,816166,1.90892539
2010,TN,Tennessee,38909,359,2173,,8361,28016,232855,64293,153729,14833,16994,6355311,2.673984011
2010,TX,Texas,113231,1249,7622,,32843,71517,951246,228597,654626,68023,55691,25241971,2.206285714
2010,UT,Utah,5925,53,983,,1269,3620,88316,15095,67242,5979,5167,2775332,1.861759242
2010,VA,Virginia,17184,376,1580,,5678,9550,187403,30804,145990,10609,19139,8023699,2.385308821
2010,VT,Vermont,820,7,141,,76,596,14160,3348,10373,439,1265,625879,2.021157444
2010,WA,Washington,21138,154,2579,,5929,12476,249426,55192,168490,25744,12870,6742830,1.908694124
2010,WI,Wisconsin,14167,155,1191,,4516,8305,142781,26636,107993,8152,13241,5690475,2.32687078
2010,WV,West Virginia,5586,58,362,,776,4390,41301,10778,28104,2419,4035,1854239,2.176094883
2010,WY,Wyoming,1117,8,162,,77,870,13869,2151,11126,592,1439,564487,2.549217254
2011,AK,Alaska,4416,30,436,,576,3374,19094,2852,14854,1388,1324,722128,1.833469967
2011,AL,Alabama,20166,299,1370,,4906,13591,173192,51119,111411,10662,11469,4799069,2.389838529
2011,AR,Arkansas,14173,160,1230,,2357,10426,110430,34016,70645,5769,6517,2940667,2.216163884
2011,AZ,Arizo,26789,397,2499,,7145,16748,229896,54695,155400,19801,12541,6472643,1.937539271
2011,CA,California,154943,1792,7665,,54291,91195,973822,230075,596905,146842,78893,37638369,2.096079137
2011,CO,Colorado,16085,155,2285,,3299,10346,132781,25725,96054,11002,12781,5121108,2.495748967
2011,CT,Connecticut,9889,129,689,,3689,5382,77205,15468,55067,6670,8382,3588283,2.335936157
2011,DC,District of Columbia,7433,108,173,,4094,3058,29654,3850,21347,4457,4871,619800,7.85898677
2011,DE,Delaware,5144,48,307,,1558,3231,31163,7617,22001,1545,3478,907381,3.833009508
2011,FL,Florida,98198,984,5273,,25622,66319,671200,170171,461408,39621,45895,19053237,2.408777049
2011,GA,Georgia,36762,549,2066,,12266,21881,357235,96014,231543,29678,39118,9802431,3.990642729
2011,HI,Hawaii,3465,20,353,,994,2098,43874,8165,31240,4469,3381,1379329,2.451191848
2011,IA,Iowa,7883,44,866,,824,6149,72043,17573,50472,3998,5433,3066336,1.771821483
2011,ID,Idaho,3202,35,444,,188,2535,32875,6915,24629,1331,3095,1583910,1.954025166
2011,IL,Illinois,54523,781,3030,,20217,30495,344468,77719,237362,29387,35006,12867454,2.720507103
2011,IN,India,21619,306,1758,,6977,12578,206016,50571,140630,14815,12000,6516528,1.841471409
2011,KS,Kansas,10209,111,1122,,1448,7528,88655,18712,63259,6684,7874,2869225,2.744295062
2011,KY,Kentucky,10465,151,1499,,3705,5110,119037,32750,79586,6701,9301,4369821,2.12846247
2011,LA,Louisia,25373,506,1262,,5235,18370,168529,46242,113174,9113,17828,4575625,3.89629832
2011,MA,Massachusetts,28232,184,1654,,6768,19626,148829,36403,101644,10782,16636,6613583,2.515429231
2011,MD,Maryland,28817,399,1200,,10342,16876,166846,35823,114951,16072,15865,5839419,2.716879881
2011,ME,Maine,1638,26,394,,370,848,33829,7865,24886,1078,2352,1328284,1.770705662
2011,MI,Michigan,43731,617,4344,,10263,28507,251329,69755,156666,24908,20517,9882412,2.076112593
2011,MN,Minnesota,12323,75,2113,,3385,6750,136183,25681,102354,8148,9843,5346143,1.841140426
2011,MO,Missouri,26888,366,1469,,6275,18778,199085,44875,138879,15331,15761,6010275,2.622342572
2011,MS,Mississippi,8009,232,863,,2496,4418,89809,30722,54179,4908,6370,2978731,2.138494547
2011,MT,Monta,2755,29,366,,171,2189,23885,3347,19089,1449,2015,997316,2.020422815
2011,NC,North Caroli,33421,498,1959,,9448,21516,337806,105534,215453,16819,24877,9657592,2.575900908
2011,ND,North Dakota,1699,24,266,,91,1318,13334,2458,9891,985,1429,685225,2.085446386
2011,NE,Nebraska,4672,68,699,,993,2912,50894,8725,38060,4109,3805,1840672,2.067179813
2011,NH,New Hampshire,2864,16,581,,509,1758,32756,6244,25398,1114,2774,1320202,2.101193605
2011,NJ,New Jersey,27203,380,1006,,12209,13608,189719,43238,129066,17415,29734,8828117,3.368102167
2011,NM,New Mexico,11904,158,856,,1720,9170,73549,21419,46730,5400,4605,2080450,2.213463433
2011,NV,Nevada,15452,139,913,,4308,10092,70075,20342,40156,9577,5516,2712730,2.033375972
2011,NY,New York,77463,769,2751,,28405,45538,371837,65227,287361,19249,63064,19499241,3.234177166
2011,OH,Ohio,35218,500,3679,,15991,15048,380572,112901,246744,20927,25213,11544663,2.183952879
2011,OK,Oklahoma,17311,212,1410,,3288,12401,127618,36462,80064,11092,8652,3788379,2.283826407
2011,OR,Oregon,9643,84,1239,,2237,6083,121869,20704,92059,9106,23091,3872036,5.963529265
2011,PA,Pennsylvania,46189,639,3339,,16165,26046,283442,57966,208604,16872,27525,12745815,2.159532364
2011,RI,Rhode Island,2586,20,319,,744,1503,27976,6836,18765,2375,2499,1053649,2.371757578
2011,SC,South Caroli,27894,320,1678,,4631,21265,183243,47351,122255,13637,13224,4671994,2.830483087
2011,SD,South Dakota,2105,20,503,,167,1415,15299,2927,11423,949,1569,823579,1.905099572
2011,TN,Tennessee,38895,380,2095,,8082,28338,230900,62830,153928,14142,17095,6399291,2.67138969
2011,TX,Texas,104734,1130,7486,,28620,67498,892810,215755,613131,63924,56220,25645629,2.192186435
2011,UT,Utah,5547,50,901,,1079,3517,84084,13170,64727,6187,5468,2814384,1.94287631
2011,VA,Virginia,16014,304,1591,,5425,8694,182902,30656,142476,9770,19257,8101155,2.377068455
2011,VT,Vermont,925,11,146,,99,669,15086,3838,10720,528,1250,627049,1.993464626
2011,WA,Washington,20152,163,2320,,5627,12042,244209,56561,162828,24820,13446,6826627,1.969640351
2011,WI,Wisconsin,14268,138,1190,,4600,8340,139912,27167,104472,8273,13068,5705288,2.290506632
2011,WV,West Virginia,5497,87,372,,802,4236,39009,10245,26656,2108,3798,1856301,2.046004393
2011,WY,Wyoming,1245,18,146,,71,1010,12878,1864,10493,521,1563,567299,2.755160859
2012,AK,Alaska,4412,30,583,,630,3169,20037,2950,15565,1522,1330,730443,1.820812849
2012,AL,Alabama,21693,342,1296,,5020,15035,168878,47481,111523,9874,11209,4815588,2.327649292
2012,AR,Arkansas,13851,174,1233,,2310,10134,109389,32673,70982,5734,6643,2952164,2.250213742
2012,AZ,Arizo,28077,358,2282,,7383,18054,231701,52911,159808,18982,13246,6554978,2.020754303
2012,CA,California,160944,1884,7837,,56521,94702,1049465,245767,635090,168608,78062,37948800,2.057034742
2012,CO,Colorado,15951,152,2122,,3392,10285,139355,26163,101091,12101,12548,5192647,2.416493938
2012,CT,Connecticut,10183,117,933,,3709,5424,77169,14787,55904,6478,8525,3594547,2.371647943
2012,DC,District of Columbia,7866,88,236,,4037,3505,30757,3519,23575,3663,4936,634924,7.774158797
2012,DE,Delaware,5048,56,249,,1498,3245,30707,7389,21880,1438,2356,915179,2.57435977
2012,FL,Florida,94087,1009,5260,,23889,63929,632988,153563,442095,37330,47887,19297822,2.481471743
2012,GA,Georgia,37675,583,2143,,12502,22447,339473,86992,223875,28606,39145,9901430,3.953469347
2012,HI,Hawaii,3378,21,279,,1125,1953,43419,7653,31901,3865,3363,1394804,2.411091451
2012,IA,Iowa,8167,49,901,,962,6255,70357,17201,49116,4040,5415,3076190,1.76029439
2012,ID,Idaho,3348,30,495,,243,2580,31825,7240,23203,1382,3097,1595324,1.941298445
2012,IL,Illinois,53556,770,3581,,19480,29725,332706,71100,235314,26292,34533,12882510,2.680611154
2012,IN,India,22544,307,1661,,6601,13975,197994,47689,136668,13637,11750,6537703,1.797267328
2012,KS,Kansas,10292,85,1105,,1493,7609,91066,18874,65413,6779,7957,2885257,2.757813255
2012,KY,Kentucky,9852,201,1312,,3547,4792,112800,29877,76199,6724,9394,4386346,2.141645917
2012,LA,Louisia,22839,489,1155,,5458,15737,162673,42037,112764,7872,18034,4600972,3.919606553
2012,MA,Massachusetts,27047,121,1650,,6555,18721,143325,34635,99453,9237,16629,6663005,2.495720775
2012,MD,Maryland,28086,373,1237,,10173,16303,162309,33803,113550,14956,17502,5886992,2.972995377
2012,ME,Maine,1626,26,372,,420,808,33398,7476,24931,991,2308,1327729,1.738306537
2012,MI,Michigan,44962,701,4635,,10423,29203,249249,65560,158609,25080,19875,9897145,2.008154877
2012,MN,Minnesota,12419,99,1638,,3475,7207,138152,25378,104316,8458,9823,5376643,1.826976424
2012,MO,Missouri,27189,390,1527,,5782,19490,199813,42510,140971,16332,15434,6024367,2.561928913
2012,MS,Mississippi,7769,213,819,,2277,4460,83933,28084,51520,4329,6221,2983816,2.084914083
2012,MT,Monta,2803,29,392,,202,2180,26102,3920,20484,1698,2007,1003783,1.999436133
2012,NC,North Caroli,34464,479,1984,,9392,22609,328594,99323,213151,16120,24938,9749476,2.557881059
2012,ND,North Dakota,1723,25,279,,127,1292,14297,2429,10687,1181,1489,701176,2.123575251
2012,NE,Nebraska,4802,52,710,,1128,2912,51203,8745,38301,4157,3744,1853303,2.020176949
2012,NH,New Hampshire,2841,15,486,,471,1869,32074,5988,25024,1062,2758,1324232,2.082716624
2012,NJ,New Jersey,25727,388,1035,,11385,12919,181481,42338,122662,16481,29485,8844942,3.333543623
2012,NM,New Mexico,11660,116,957,,1847,8740,75094,21384,48247,5463,4584,2087309,2.196129083
2012,NV,Nevada,16763,124,931,,4918,10790,77510,22120,45372,10018,5697,2743996,2.076169207
2012,NY,New York,79535,683,2837,,28633,47382,375268,64389,293562,17317,62921,19572932,3.214694661
2012,OH,Ohio,34827,478,3813,,15396,15140,370435,105312,245372,19751,24901,11548923,2.156131788
2012,OK,Oklahoma,18102,220,1622,,3248,13012,130969,36094,83131,11744,8605,3818814,2.253317391
2012,OR,Oregon,9638,91,1159,,2419,5969,126417,22051,94114,10252,7008,3899001,1.797383484
2012,PA,Pennsylvania,45384,707,3371,,15735,25571,276562,57040,204409,15113,26738,12767118,2.094286275
2012,RI,Rhode Island,2657,26,292,,715,1614,27039,5929,18478,2632,2477,1054621,2.348711054
2012,SC,South Caroli,26474,332,1712,,4511,19919,181049,45222,122340,13487,12605,4717354,2.67204878
2012,SD,South Dakota,2701,23,600,,157,1921,17326,3280,12973,1073,1625,833566,1.949455712
2012,TN,Tennessee,41213,400,2047,,8151,30615,217925,56231,148731,12963,17389,6453898,2.694340691
2012,TX,Texas,106475,1148,7715,,30385,67227,876459,205002,606425,65032,54985,26084481,2.107958368
2012,UT,Utah,5939,52,975,,1105,3807,86284,13095,67157,6032,5070,2853375,1.776843212
2012,VA,Virginia,15676,322,1505,,4718,9131,178434,29651,139654,9129,19354,8185080,2.364546223
2012,VT,Vermont,891,8,131,,114,638,15653,4179,11014,460,1295,626090,2.068392723
2012,WA,Washington,20553,217,2250,,5801,12285,254377,61376,166338,26663,11458,6897058,1.661288045
2012,WI,Wisconsin,16254,169,1228,,4692,10165,140780,27931,104619,8230,12896,5719960,2.254561221
2012,WV,West Virginia,5943,70,415,,835,4623,44500,11466,30800,2234,3699,1856872,1.992059765
2012,WY,Wyoming,1161,14,154,,61,932,13222,2125,10513,584,1492,576305,2.588906916
2013,AK,Alaska,4709,34,657,925,623,3127,21211,2917,16599,1695,1361,737068,1.846505343
2013,AL,Alabama,20834,346,1449,2055,4645,13788,161835,42410,108862,10563,11486,4830081,2.37801395
2013,AR,Arkansas,13705,158,1135,1490,2261,9796,106477,30369,70430,5678,6754,2959400,2.282219369
2013,AZ,Arizo,27576,355,2344,3174,6656,17391,223294,48292,158036,16966,12215,6632764,1.841615351
2013,CA,California,154739,1746,7464,10324,53640,89029,1018907,232058,621557,165292,77929,38260787,2.036785077
2013,CO,Colorado,16099,174,2198,2963,3136,9826,139974,25075,102375,12524,12890,5269035,2.446368263
2013,CT,Connecticut,9439,91,647,891,3551,4906,71274,12934,52099,6241,8544,3594841,2.376739333
2013,DC,District of Columbia,8415,103,297,395,4082,3835,31097,3316,24547,3234,5200,650581,7.992855617
2013,DE,Delaware,4633,41,278,399,1233,2960,29001,6299,21347,1355,2477,923576,2.681966617
2013,FL,Florida,91993,972,4765,6767,23200,61054,607170,138915,433344,34911,48106,19545621,2.461216249
2013,GA,Georgia,37519,563,2022,2891,12704,21361,339808,83459,229190,27159,37653,9972479,3.775691079
2013,HI,Hawaii,3585,32,366,508,934,2111,45266,7777,32928,4561,3307,1408243,2.348316306
2013,IA,Iowa,8443,41,873,1133,937,6332,67976,15918,47803,4255,5422,3092997,1.752992324
2013,ID,Idaho,3471,29,516,674,220,2548,30230,6693,21999,1538,3028,1611206,1.879337589
2013,IL,Illinois,51956,722,3895,5340,17733,28161,296048,59093,216059,20896,34079,12895129,2.642780852
2013,IN,India,23627,357,1623,2241,7114,13915,187472,42754,130534,14184,11488,6568713,1.748896626
2013,KS,Kansas,9928,117,1003,1295,1339,7177,85704,17476,61557,6671,7979,2893212,2.757834545
2013,KY,Kentucky,9280,172,951,1646,3247,4215,104448,26331,72048,6069,9172,4404659,2.08234054
2013,LA,Louisia,24127,494,1248,1763,5539,16331,165679,41214,115300,9165,17145,4624527,3.707406184
2013,MA,Massachusetts,27264,138,1722,2303,6705,18118,137274,30716,97437,9121,16736,6713315,2.492956162
2013,MD,Maryland,28235,384,1179,1679,10048,16124,157918,31950,112551,13417,19320,5923188,3.261757013
2013,ME,Maine,1761,24,366,495,335,907,30454,6480,23063,911,2299,1328009,1.731162967
2013,MI,Michigan,44757,625,4506,6785,10093,27254,230135,56256,149794,24085,20007,9913065,2.018245618
2013,MN,Minnesota,12710,114,1453,2014,3674,6908,131193,22713,100514,7966,9900,5413479,1.828768524
2013,MO,Missouri,26216,369,1679,2305,5486,18056,189655,38797,134514,16344,15855,6040715,2.624689296
2013,MS,Mississippi,8303,217,726,1024,2413,4649,81548,24969,52192,4387,6355,2988711,2.126334731
2013,MT,Monta,2924,23,382,467,217,2217,26195,4122,20192,1881,1900,1013569,1.874564041
2013,NC,North Caroli,33587,463,1790,2524,9275,21325,305631,90182,201043,14406,24869,9843336,2.52648086
2013,ND,North Dakota,1979,16,288,355,161,1447,15356,2979,10942,1435,1521,722036,2.106543164
2013,NE,Nebraska,4949,56,621,847,1035,3011,49197,8945,35791,4461,3766,1865279,2.019000911
2013,NH,New Hampshire,2952,21,522,778,645,1708,30409,5283,24188,938,2762,1326622,2.081979645
2013,NJ,New Jersey,25748,404,861,1189,12084,12071,167634,35883,118005,13746,28958,8856972,3.269514683
2013,NM,New Mexico,12990,123,1135,1565,1832,9470,78958,21828,51146,5984,4016,2092273,1.919443591
2013,NV,Nevada,16888,163,1090,1482,5183,10060,79177,23047,46132,9998,5378,2775970,1.937340821
2013,NY,New York,77563,644,2575,3548,27241,46130,358603,56444,286676,15483,63291,19624447,3.225109987
2013,OH,Ohio,33722,478,3594,4391,14483,14370,338414,91090,227799,19525,24708,11576684,2.134289923
2013,OK,Oklahoma,17187,198,1715,2314,3023,11652,126418,33512,81624,11282,8124,3853214,2.108369792
2013,OR,Oregon,9536,82,1000,1464,2394,5596,125083,20808,94363,9912,7419,3922468,1.891411224
2013,PA,Pennsylvania,42825,611,2728,3795,14739,23680,263176,52000,197410,13766,26549,12776309,2.077986686
2013,RI,Rhode Island,2710,31,333,449,683,1547,25741,5621,17881,2239,2443,1055081,2.315462036
2013,SC,South Caroli,24263,305,1739,2233,3965,17760,173261,40930,119730,12601,13753,4764080,2.886811305
2013,SD,South Dakota,2733,18,454,507,156,2052,16274,3383,11955,936,1566,842316,1.859159745
2013,TN,Tennessee,38063,335,1904,2500,7333,27895,207683,51334,144443,11906,17641,6494340,2.716365327
2013,TX,Texas,108757,1140,7610,10456,31810,65351,862289,191062,605440,65787,55502,26480266,2.095975924
2013,UT,Utah,6644,51,926,1522,1247,3824,88334,13727,67115,7492,4678,2897640,1.61441725
2013,VA,Virginia,16355,320,1476,2350,4574,9111,171558,26717,136215,8626,19485,8252427,2.361123582
2013,VT,Vermont,775,10,113,136,75,554,13882,3352,10193,337,1283,626210,2.048833458
2013,WA,Washington,20223,167,2072,2604,5829,11623,259139,58487,172227,28425,10886,6963985,1.563185446
2013,WI,Wisconsin,16118,163,1308,1836,4834,9285,125694,24358,93946,7390,12789,5736754,2.229309467
2013,WV,West Virginia,5657,62,367,700,653,4242,39929,9908,28055,1966,3737,1853914,2.015735358
2013,WY,Wyoming,1212,17,144,204,74,917,12809,1956,10275,578,1657,582122,2.846482352
2014,AK,Alaska,4684,41,553,771,629,3243,20334,3150,15445,1739,1318,736283,1.790072567
2014,AL,Alabama,20727,276,1425,2005,4702,13744,154087,39723,104223,10141,11442,4841799,2.36317121
2014,AR,Arkansas,14248,175,1291,1816,2037,10220,99452,24816,69001,5635,6814,2967392,2.296292502
2014,AZ,Arizo,26422,311,2356,3272,6225,16614,213406,43412,152683,17311,12737,6730413,1.892454445
2014,CA,California,153763,1700,8389,11578,48681,91804,947193,202669,592673,151851,78431,38596972,2.032050597
2014,CO,Colorado,16487,150,2236,3089,3037,10211,135789,23502,99688,12599,12826,5350101,2.397337919
2014,CT,Connecticut,8575,89,579,794,3172,4520,69326,12017,51195,6114,8804,3594524,2.449281184
2014,DC,District of Columbia,8199,105,349,472,3497,4125,34147,3466,26898,3783,5156,662328,7.784662584
2014,DE,Delaware,4568,50,274,390,1271,2857,27915,5765,20885,1265,2849,932487,3.055270476
2014,FL,Florida,91345,982,5038,7132,21621,61610,583774,121379,426197,36198,45921,19845911,2.313877151
2014,GA,Georgia,38955,607,2209,3147,12786,22415,339146,78029,233359,27758,37813,10067278,3.75603018
2014,HI,Hawaii,3362,20,388,548,952,1842,46022,7470,33003,5549,3427,1414538,2.422699143
2014,IA,Iowa,8484,60,829,1150,1047,6227,65100,14363,46594,4143,5430,3109350,1.746345699
2014,ID,Idaho,3439,32,463,645,203,2559,30440,6466,22297,1677,3034,1631112,1.86008073
2014,IL,Illinois,47775,690,3182,4329,15271,27485,269647,50759,201003,17885,34401,12884493,2.669953719
2014,IN,India,24105,333,1608,2197,6894,14681,174909,36909,124144,13856,11682,6593644,1.771706207
2014,KS,Kansas,10235,92,1066,1483,1361,7299,80029,15921,57169,6939,8431,2900475,2.906765271
2014,KY,Kentucky,9495,164,1098,1556,3343,4432,99909,23426,70108,6375,9765,4414349,2.212104208
2014,LA,Louisia,23983,476,981,1382,5725,16400,161192,38541,113251,9400,17580,4644013,3.785519119
2014,MA,Massachusetts,26689,133,1625,2202,6077,18277,125481,24951,92226,8304,17224,6762596,2.546950905
2014,MD,Maryland,26767,362,1144,1632,9565,15208,150390,28134,109140,13116,16311,5957283,2.737993142
2014,ME,Maine,1698,21,346,484,304,889,26427,5035,20591,801,2332,1330513,1.752707414
2014,MI,Michigan,42555,544,4500,6364,8037,27610,202692,44328,137142,21222,19792,9929848,1.993182574
2014,MN,Minnesota,12505,88,1448,2001,3687,6729,125377,20773,96237,8367,10496,5451079,1.925490348
2014,MO,Missouri,26882,404,1728,2403,5592,18483,176436,35293,124769,16374,15953,6056202,2.634159164
2014,MS,Mississippi,8331,259,768,1082,2405,4585,86887,23898,58515,4474,6158,2990468,2.059209462
2014,MT,Monta,3361,38,396,558,202,2563,25525,3639,19826,2060,1958,1021869,1.916096877
2014,NC,North Caroli,32718,498,1738,2432,8411,21377,285498,79266,192609,13623,25477,9932887,2.564913907
2014,ND,North Dakota,2001,23,275,382,175,1421,15857,2751,11559,1547,1656,737401,2.245725189
2014,NE,Nebraska,5201,53,645,878,1044,3226,47526,7936,35063,4527,4000,1879321,2.128428299
2014,NH,New Hampshire,2625,16,438,596,544,1469,26098,4191,21051,856,2756,1333341,2.066988115
2014,NJ,New Jersey,23319,352,953,1280,10499,11188,154945,31707,111534,11704,30386,8864525,3.427820442
2014,NM,New Mexico,12465,101,1070,1481,2086,8797,73877,18505,49082,6290,4431,2089568,2.120534005
2014,NV,Nevada,18043,170,987,1357,5954,10562,74574,21924,42466,10184,5546,2817628,1.968322291
2014,NY,New York,75972,616,4316,6025,24036,45295,339113,50738,272624,15751,62734,19651049,3.192399551
2014,OH,Ohio,33130,464,3825,5228,12780,14658,322517,79466,224942,18109,24429,11602700,2.105458212
2014,OK,Oklahoma,16052,180,1361,1862,3073,10937,117445,29963,76719,10763,8142,3878187,2.099434607
2014,OR,Oregon,10294,84,1165,1620,2270,6320,123142,18690,94177,10275,8002,3963244,2.019053079
2014,PA,Pennsylvania,40298,610,2785,3839,13545,22304,246982,45718,188211,13053,26926,12788313,2.105516185
2014,RI,Rhode Island,2320,26,264,366,530,1398,22982,4830,16317,1835,2506,1055936,2.373249894
2014,SC,South Caroli,24038,322,1522,2185,4018,17513,168281,37163,118173,12945,12436,4823617,2.578148307
2014,SD,South Dakota,2801,23,336,478,199,2101,16036,2817,12209,1010,1695,849129,1.996163127
2014,TN,Tennessee,39989,369,1870,2595,7268,29757,200911,46798,141464,12649,17750,6541223,2.713559834
2014,TX,Texas,109711,1192,8400,11636,31021,65862,813515,168085,577018,68412,54202,26964333,2.010136872
2014,UT,Utah,6464,66,1114,1547,1313,3538,85473,11656,66487,7330,5052,2936879,1.720193443
2014,VA,Virginia,16522,350,1687,2416,4294,9462,161934,23210,131001,7723,19689,8310993,2.369030993
2014,VT,Vermont,643,10,85,117,72,444,9721,2092,7375,254,1331,625214,2.128871075
2014,WA,Washington,20185,178,1999,2780,5641,11586,261257,55381,175317,30559,11143,7054655,1.579524442
2014,WI,Wisconsin,16763,159,1216,1677,5101,9826,120535,21375,89255,9905,13118,5751525,2.2807864
2014,WV,West Virginia,5850,84,417,594,655,4517,38282,9368,26954,1960,3424,1849489,1.851322176
2014,WY,Wyoming,1142,16,127,174,53,899,11477,1689,9185,603,1574,582531,2.702002125
2015,AK,Alaska,5391,59,648,900,761,3671,20806,3511,15249,2046,1316,737498,1.784411619
2015,AL,Alabama,22957,348,1449,2037,4612,15960,144785,35265,99182,10338,11595,4852347,2.389565297
2015,AR,Arkansas,15769,189,1425,2008,2117,11455,97391,22851,68720,5820,6827,2978048,2.292441223
2015,AZ,Arizo,27968,306,2268,3109,6360,18193,207184,38010,152388,16786,13077,6829676,1.914732119
2015,CA,California,166883,1861,9341,12811,52862,99349,1024914,197404,656517,170993,78648,38918045,2.020862045
2015,CO,Colorado,17348,173,2422,3328,3315,10532,144044,23490,104532,16022,12906,5450623,2.367802726
2015,CT,Connecticut,7938,116,585,798,2925,4099,65610,10286,48898,6426,7981,3587122,2.224903418
2015,DC,District of Columbia,8538,162,365,494,3746,4136,31444,2971,25208,3265,4885,675400,7.232750962
2015,DE,Delaware,4760,62,257,361,1240,3097,25545,4797,19555,1193,2846,941252,3.023632354
2015,FL,Florida,93625,1041,5396,7552,21137,63895,570270,109268,420341,40661,49130,20209042,2.431090004
2015,GA,Georgia,38891,622,2343,3257,12545,22467,316013,68149,220715,27149,38627,10178447,3.794979725
2015,HI,Hawaii,4201,19,382,538,1085,1878,45389,6810,33140,5439,3360,1422052,2.362782796
2015,IA,Iowa,8619,73,877,1205,1050,6291,64688,14977,45328,4383,5566,3120960,1.783425613
2015,ID,Idaho,3593,32,508,703,191,2667,28912,6124,20916,1872,3094,1651059,1.873948781
2015,IL,Illinois,49755,754,3602,4926,15056,29019,256962,46846,192424,17692,35463,12858913,2.757853638
2015,IN,India,25373,370,1757,2386,7081,15536,171878,34404,123940,13534,12007,6608422,1.816923919
2015,KS,Kansas,11483,126,1226,1684,1823,7850,80059,15619,57435,7005,8063,2909011,2.771732386
2015,KY,Kentucky,9887,219,1165,1644,3314,4710,97545,22526,67143,7876,10607,4425976,2.396533556
2015,LA,Louisia,25202,492,1246,1733,5561,17416,157708,35457,112520,9731,17602,4664628,3.773505626
2015,MA,Massachusetts,26453,131,1538,2082,5266,18974,114547,21826,84676,8045,17399,6794228,2.56085018
2015,MD,Maryland,28185,538,1209,1717,10111,15819,142547,26432,102701,13414,17797,5985562,2.973321469
2015,ME,Maine,1726,23,337,461,311,931,24361,4694,18853,814,2376,1328262,1.788803715
2015,MI,Michigan,41712,585,4782,6710,7818,26599,191191,40375,132019,18797,19741,9931715,1.987672824
2015,MN,Minnesota,13319,133,1679,2321,3771,7094,121984,19299,94704,7981,10851,5482032,1.979375531
2015,MO,Missouri,30292,503,1858,2573,6383,20833,173788,34029,122749,17010,16022,6071732,2.63878577
2015,MS,Mississippi,8190,253,851,1158,2312,4467,85785,25068,56446,4271,6269,2988471,2.097728236
2015,MT,Monta,3647,38,405,572,210,2827,27276,3887,20966,2423,2043,1030475,1.982580849
2015,NC,North Caroli,34734,517,1886,2591,8821,22805,275915,74760,187732,13423,25504,10031646,2.542354465
2015,ND,North Dakota,1949,21,285,391,159,1378,17716,3296,12686,1734,1744,754066,2.312794901
2015,NE,Nebraska,5167,62,648,885,994,3226,42597,6443,32148,4006,4038,1891277,2.135065355
2015,NH,New Hampshire,2692,15,468,644,475,1558,23453,3482,19076,895,2763,1336350,2.067572118
2015,NJ,New Jersey,22879,363,1019,1373,9729,11414,145701,27960,105963,11778,33529,8867949,3.780919354
2015,NM,New Mexico,13672,117,1218,1663,2485,9407,77212,17084,51485,8643,4631,2089291,2.216541401
2015,NV,Nevada,20118,178,1232,1688,6287,11965,77137,22360,43426,11351,6366,2866939,2.220486728
2015,NY,New York,75126,613,4414,6141,23879,44493,317225,44117,257837,15271,64014,19654666,3.256936546
2015,OH,Ohio,34373,522,3990,5441,12617,15793,303743,69994,216354,17395,25934,11617527,2.23231674
2015,OK,Oklahoma,16746,240,1418,1953,3018,11535,114055,28783,74678,10594,8580,3909500,2.194654048
2015,OR,Oregon,10680,110,1193,1650,2163,6757,119752,18541,90514,10697,9582,4015792,2.386079757
2015,PA,Pennsylvania,40348,665,3105,4299,12965,22419,231941,39573,180236,12132,26916,12784826,2.105308277
2015,RI,Rhode Island,2565,31,342,467,547,1520,20038,3938,14714,1386,2450,1056065,2.319932959
2015,SC,South Caroli,24448,407,1717,2439,3950,17652,162830,34942,114778,13110,13288,4891938,2.716305889
2015,SD,South Dakota,3302,33,367,500,215,2554,16739,2969,12576,1194,1751,853988,2.050380099
2015,TN,Tennessee,40816,418,2032,2801,7499,30098,196047,43753,139259,13035,17751,6591170,2.693148561
2015,TX,Texas,113193,1317,8941,12323,31924,67629,779234,153067,558653,67514,56960,27470056,2.073530538
2015,UT,Utah,7138,57,1247,1704,1329,4048,89797,12606,68464,8727,5074,2981835,1.701636744
2015,VA,Virginia,16705,390,1767,2499,4459,9357,157803,21542,128064,8197,19590,8361808,2.342794764
2015,VT,Vermont,747,10,104,150,105,482,9064,2034,6834,196,1224,625216,1.957723411
2015,WA,Washington,20505,218,2006,2778,5450,12059,249474,51114,171393,26967,11612,7163657,1.620959797
2015,WI,Wisconsin,17549,240,1324,1805,5234,10270,114171,19602,83572,10997,12966,5760940,2.250674369
2015,WV,West Virginia,6397,85,493,710,783,4819,38694,9467,26984,2243,4141,1842050,2.24803887
2015,WY,Wyoming,1300,16,124,171,59,1054,11151,1762,8797,592,1541,585613,2.631430655
2016,AK,Alaska,5966,52,754,1053,850,4011,24876,4053,17766,3057,1269,741456,1.711497378
2016,AL,Alabama,25878,407,1380,1915,4687,18869,143259,34045,97498,11716,11744,4863525,2.414709496
2016,AR,Arkansas,16563,217,1600,2214,2125,12007,98092,23814,67091,7187,6860,2989918,2.294377304
2016,AZ,Arizo,32542,389,2461,3304,7045,21804,207317,38216,150618,18483,12703,6941072,1.830120765
2016,CA,California,174796,1930,10132,13702,54789,104375,1002070,188304,637010,176756,78919,39167117,2.014930024
2016,CO,Colorado,19030,189,2680,3635,3525,11681,152146,23825,108680,19641,13022,5539215,2.350874628
2016,CT,Connecticut,8169,79,580,791,2711,4588,64875,10107,47642,7126,8272,3578141,2.31181499
2016,DC,District of Columbia,8236,136,400,533,3500,4067,32377,2361,27089,2927,4795,685815,6.99168143
2016,DE,Delaware,4859,58,224,311,1359,3131,26370,5028,19812,1530,2937,948921,3.095094323
2016,FL,Florida,88700,1111,5527,7598,20175,59816,553812,100325,410352,43135,49488,20613477,2.400759464
2016,GA,Georgia,40268,682,2436,3381,12114,24091,307305,62715,218127,26463,39030,10301890,3.788625194
2016,HI,Hawaii,3452,35,432,601,985,1831,42353,5983,30871,5499,5037,1427559,3.528400577
2016,IA,Iowa,9170,73,941,1278,1150,6669,65888,15306,45580,5002,5523,3131371,1.763764179
2016,ID,Idaho,3876,49,529,719,213,2895,29357,6318,20962,2077,3152,1682380,1.8735363
2016,IL,Illinois,56054,1061,3713,5003,17829,32161,263256,48193,195196,19867,34183,12820527,2.666271051
2016,IN,India,26516,431,1813,2449,7291,16345,168460,33567,120454,14439,12147,6634304,1.830938106
2016,KS,Kansas,11665,132,1193,1618,1757,8158,82293,14759,60119,7415,8181,2910844,2.810525057
2016,KY,Kentucky,10452,265,1242,1748,3371,5068,97713,20932,66833,9948,9260,4438182,2.086439898
2016,LA,Louisia,26477,555,1329,1819,5575,18528,154511,34689,109492,10330,17038,4678135,3.642049663
2016,MA,Massachusetts,25975,135,1601,2141,5365,18334,106430,19204,79155,8071,17571,6823608,2.575030688
2016,MD,Maryland,29019,536,1317,1827,10815,15841,139716,24832,100995,13889,19438,6003323,3.237873424
2016,ME,Maine,1649,20,301,413,268,948,21908,4001,17131,776,2714,1331317,2.038582847
2016,MI,Michigan,45782,612,5217,7268,7123,30779,190249,39738,130249,20262,19835,9950571,1.993352944
2016,MN,Minnesota,13365,101,1732,2349,3730,7185,117723,18582,90421,8720,11224,5522744,2.032323063
2016,MO,Missouri,31720,538,1884,2557,6576,22049,170661,31716,120649,18296,16320,6087135,2.681064245
2016,MS,Mississippi,8411,237,910,1282,2433,4459,82521,23489,54725,4307,6303,2987938,2.109481522
2016,MT,Monta,3886,37,427,598,268,2983,28156,3966,21427,2763,2050,1040859,1.969527093
2016,NC,North Caroli,37767,678,2086,2847,9336,24906,277765,72082,190377,15306,25591,10154788,2.520092
2016,ND,North Dakota,1905,16,268,356,181,1352,17451,3248,12249,1954,1821,754434,2.413730028
2016,NE,Nebraska,5661,49,813,1108,946,3558,43197,6459,32009,4729,3965,1905616,2.080692018
2016,NH,New Hampshire,2668,19,443,609,431,1609,20323,2989,16454,880,2773,1342307,2.065846338
2016,NJ,New Jersey,21861,378,1088,1454,8940,11089,138012,25229,101459,11324,33882,8870827,3.819486052
2016,NM,New Mexico,14585,139,1117,1527,2737,10182,81930,17280,52907,11743,5101,2091630,2.438767851
2016,NV,Nevada,19924,228,1284,1729,6338,11629,75922,18816,43949,13157,6962,2917563,2.386238104
2016,NY,New York,74315,629,4584,6281,22310,45095,305224,39850,250990,14384,65482,19633428,3.335230098
2016,OH,Ohio,35759,683,4255,5754,12574,16748,300945,67081,214102,19762,23798,11634370,2.045491075
2016,OK,Oklahoma,17855,247,1543,2100,3174,12334,118010,29376,76358,12276,9083,3926331,2.313355649
2016,OR,Oregon,10983,116,1306,1784,2307,6776,121716,16919,91507,13290,7941,4089976,1.941576185
2016,PA,Pennsylvania,40389,674,3250,4459,12314,22942,222394,35178,174147,13069,26630,12782275,2.083353707
2016,RI,Rhode Island,2529,29,330,445,541,1514,18910,3650,14157,1103,2478,1056770,2.3448811
2016,SC,South Caroli,25137,358,1786,2491,4071,18217,161534,33149,114455,13930,13213,4957968,2.665003082
2016,SD,South Dakota,3636,28,386,526,274,2808,17207,3002,12705,1500,1753,862996,2.031295626
2016,TN,Tennessee,42459,495,2056,2803,7829,31332,191199,40607,135353,15239,17780,6646010,2.675289384
2016,TX,Texas,121064,1478,9905,13446,33298,72842,769892,148796,552106,68990,58355,27914410,2.090497345
2016,UT,Utah,7406,74,1146,1560,1528,4244,90561,12938,68261,9362,5181,3041868,1.703229726
2016,VA,Virginia,18495,482,2032,2830,4826,10357,157292,20159,127285,9848,19809,8410106,2.355380539
2016,VT,Vermont,851,14,120,170,78,589,9705,1884,7637,184,1461,623657,2.342633852
2016,WA,Washington,22101,195,2302,3133,5649,13124,254994,49249,173423,32322,11137,7294771,1.526710023
2016,WI,Wisconsin,17716,232,1475,2005,4707,10772,111911,19498,82455,9958,13082,5772628,2.2662122
2016,WV,West Virginia,6633,85,488,684,720,5144,37282,9127,25657,2498,3985,1831023,2.176378997
2016,WY,Wyoming,1431,20,152,206,59,1146,11460,1771,8889,800,1535,584215,2.627457357
2017,AK,Alaska,6338,62,,1074,952,4250,26203,4167,17782,4254,1247,739700,1.685818575
2017,AL,Alabama,25469,419,,2001,4233,18816,143774,31270,99707,12797,5237,4874486,1.074369687
2017,AR,Arkansas,16996,249,,2140,1998,12609,94419,22369,64795,7255,5975,3001345,1.990774136
2017,AZ,Arizo,35647,422,,3622,7440,24163,204999,37722,148251,19026,12862,7044008,1.82594909
2017,CA,California,178597,1830,,14724,56625,105418,987063,176679,642019,168365,78740,39358497,2.000584524
2017,CO,Colorado,20901,222,,4021,3868,12790,152032,22618,107470,21944,12416,5611885,2.212447333
2017,CT,Connecticut,8190,105,,850,2813,4422,63646,8906,47418,7322,7325,3573297,2.04992756
2017,DC,District of Columbia,6976,116,,444,2625,3791,29736,1809,25340,2587,4228,694906,6.084276147
2017,DE,Delaware,4377,51,,351,1082,2893,23430,3960,18108,1362,2282,956823,2.384976114
2017,FL,Florida,85606,1057,,7936,18597,58016,527125,88835,395375,42915,45976,20963613,2.193133407
2017,GA,Georgia,37118,681,,2646,9844,23947,297651,55363,216252,26036,24089,10410330,2.313951623
2017,HI,Hawaii,3577,39,,567,1077,1894,40392,5549,29574,5269,2951,1424393,2.07175969
2017,IA,Iowa,9038,98,,1305,1269,6366,65652,14711,45441,5500,5333,3141550,1.697569671
2017,ID,Idaho,4111,42,,755,222,3092,28557,5837,20570,2150,2860,1717715,1.665002634
2017,IL,Illinois,55777,983,,5424,17731,31639,255108,43355,190860,20893,25215,12778828,1.973185647
2017,IN,India,26307,413,,2612,7035,16247,158932,29799,114395,14738,7351,6658078,1.104072376
2017,KS,Kansas,11654,134,,1504,1633,8383,79387,13102,58891,7394,7078,2908718,2.433374428
2017,KY,Kentucky,10292,265,,1817,2967,5243,95899,20535,65006,10358,7651,4452268,1.718450012
2017,LA,Louisia,25986,576,,1850,5385,18175,157272,34135,112042,11095,15779,4670560,3.378395738
2017,MA,Massachusetts,24318,172,,2199,4874,17073,97977,16916,73573,7488,16504,6859789,2.405904905
2017,MD,Maryland,30321,558,,1712,11189,16862,134705,23526,97657,13522,18624,6023868,3.091701213
2017,ME,Maine,1610,23,,470,249,868,20142,3337,16012,793,2645,1334612,1.981849406
2017,MI,Michigan,44883,569,,7110,6508,30696,179839,35833,124410,19596,17131,9973114,1.717718257
2017,MN,Minnesota,13345,114,,2405,3627,7199,122430,18828,93602,10000,11248,5566230,2.020757317
2017,MO,Missouri,32450,599,,2737,6362,22752,173380,30086,123356,19938,14675,6106670,2.403110042
2017,MS,Mississippi,7661,190,,658,2492,4321,82764,22449,55968,4347,2381,2988510,0.796718097
2017,MT,Monta,3937,41,,639,234,3023,27294,3623,21073,2598,1917,1052482,1.821408822
2017,NC,North Caroli,38043,622,,1944,9884,25593,265483,65247,184119,16117,24202,10268233,2.35697807
2017,ND,North Dakota,2133,10,,406,183,1534,16653,2947,11944,1762,1748,754942,2.315409661
2017,NE,Nebraska,5979,42,,1191,1020,3726,43856,6513,32064,5279,3472,1915947,1.812158687
2017,NH,New Hampshire,2642,13,,619,441,1569,18550,2554,15087,909,2764,1348787,2.049248695
2017,NJ,New Jersey,20604,324,,1505,7895,10880,140086,23891,104025,12170,31341,8885525,3.527197324
2017,NM,New Mexico,16300,144,,1244,3732,11180,81865,17872,52284,11709,3251,2091784,1.554175766
2017,NV,Nevada,16663,266,,1896,4841,9660,78320,20049,45459,12812,6818,2969905,2.295696327
2017,NY,New York,70746,550,,6297,20122,43777,293390,34928,245093,13369,62700,19589572,3.200682486
2017,OH,Ohio,34621,741,,5833,11224,16823,280557,57521,202320,20716,13488,11659650,1.156810024
2017,OK,Oklahoma,17989,243,,2220,3007,12519,113611,28749,72546,12316,8886,3931316,2.260311814
2017,OR,Oregon,11629,105,,1992,2474,7058,122524,17415,88091,17018,6783,4143625,1.636972458
2017,PA,Pennsylvania,40030,742,,4216,11777,23295,210316,31925,165434,12957,25844,12787641,2.021013884
2017,RI,Rhode Island,2474,21,,454,474,1525,18585,3219,13882,1484,2511,1055673,2.378577457
2017,SC,South Caroli,25412,380,,2576,3884,18572,160368,31165,114931,14272,9139,5021268,1.8200582
2017,SD,South Dakota,3753,27,,575,264,2887,16588,2835,12285,1468,1790,872868,2.05071099
2017,TN,Tennessee,43940,538,,3028,7867,32507,198028,38819,140636,18573,16754,6708799,2.497317329
2017,TX,Texas,123984,1405,,14536,32120,75923,723143,133458,521767,67918,44376,28295273,1.568318496
2017,UT,Utah,7515,74,,1758,1498,4185,86201,11780,64955,9466,4988,3101042,1.608491597
2017,VA,Virginia,17811,470,,3026,4331,9984,152515,18524,123812,10179,19082,8463587,2.254599616
2017,VT,Vermont,1082,17,,254,100,711,9339,1945,7169,225,1193,624344,1.910805582
2017,WA,Washington,22483,226,,3300,5386,13571,235206,43687,162154,29365,10716,7423362,1.443550779
2017,WI,Wisconsin,18638,192,,2177,4370,11899,104908,17570,77868,9470,12994,5790186,2.244142071
2017,WV,West Virginia,6564,98,,793,673,5000,32560,7557,21917,3086,3674,1817004,2.022009858
2017,WY,Wyoming,1358,14,,253,98,993,10528,1556,8211,761,1243,578931,2.147060703
2018,AK,Alaska,6555,47,,1212,896,4400,24345,3985,16364,3996,1286,735139,1.749329038
2018,AL,Alabama,25567,383,,2032,4047,19105,138702,29101,96328,13273,10661,4887681,2.181197996
2018,AR,Arkansas,16904,222,,2341,1593,12748,89177,19520,62350,7307,6743,3009733,2.240398069
2018,AZ,Arizo,34053,383,,3605,6509,23556,192730,31787,141789,19154,12885,7158024,1.800077787
2018,CA,California,176604,1739,,15506,54328,105031,941644,164645,621779,155220,79141,39461588,2.0055199
2018,CO,Colorado,22851,215,,4328,3781,14527,154292,21757,110518,22017,12518,5691287,2.199502503
2018,CT,Connecticut,7485,86,,873,2205,4321,59356,7983,44181,7192,7792,3571520,2.181704148
2018,DC,District of Columbia,6995,160,,450,2415,3970,30726,1788,26345,2593,4393,701547,6.261875541
2018,DE,Delaware,4079,46,,334,861,2838,22405,3154,17780,1471,2315,965479,2.39777354
2018,FL,Florida,81980,1107,,8438,16884,55551,486017,71933,372919,41165,44693,21244317,2.10376262
2018,GA,Georgia,35619,647,,2798,8499,23675,277803,46816,205631,25356,27649,10511131,2.630449568
2018,HI,Hawaii,3622,40,,709,951,1922,41027,5709,29600,5718,2844,1420593,2.001980863
2018,IA,Iowa,8303,70,,1126,989,6118,57024,12433,39498,5093,4787,3148618,1.520349563
2018,ID,Idaho,4196,34,,927,195,3040,25822,4990,18876,1956,2895,1750536,1.653779185
2018,IL,Illinois,52343,902,,6106,14251,31084,246679,39317,187517,19845,26744,12723071,2.102008234
2018,IN,India,25009,418,,2486,5737,16368,146948,25894,105861,15193,9484,6695497,1.416474386
2018,KS,Kansas,12861,122,,1664,1420,9655,77449,12792,56726,7931,6825,2911359,2.344266028
2018,KY,Kentucky,9719,250,,1875,2469,5125,89235,17462,61313,10460,7477,4461153,1.676024113
2018,LA,Louisia,25314,533,,2105,4600,18076,152996,31291,110066,11639,14250,4659690,3.058143353
2018,MA,Massachusetts,23424,138,,2465,4084,16737,87658,14095,66968,6595,16717,6882635,2.42886627
2018,MD,Maryland,28330,491,,1991,9716,16132,122945,18910,91887,12148,16981,6035802,2.813379233
2018,ME,Maine,1500,23,,447,228,802,18201,2712,14712,777,2703,1339057,2.01858472
2018,MI,Michigan,45176,555,,7901,5638,31082,166186,31834,116876,17476,17340,9984072,1.736766321
2018,MN,Minnesota,12403,107,,2475,2946,6875,112186,16206,85849,10131,10981,5606249,1.95870715
2018,MO,Missouri,30696,599,,2935,5206,21956,162698,27345,115506,19847,14763,6121623,2.411615351
2018,MS,Mississippi,7929,214,,596,1700,5419,71701,20355,46201,5145,2931,2981020,0.983220508
2018,MT,Monta,4040,37,,569,270,3164,26787,3329,20641,2817,1951,1060665,1.839412067
2018,NC,North Caroli,36980,574,,2633,7573,26200,243323,57450,169376,16497,24598,10381615,2.369380872
2018,ND,North Dakota,2154,18,,409,158,1569,15621,2742,11088,1791,1776,758080,2.342760659
2018,NE,Nebraska,5583,44,,1290,736,3513,40193,5308,29987,4898,3797,1925614,1.971838593
2018,NH,New Hampshire,2404,21,,578,342,1463,17201,1908,14396,897,2838,1353465,2.096840332
2018,NJ,New Jersey,18536,285,,1424,6364,10463,125155,19232,94886,11037,31819,8886025,3.580791186
2018,NM,New Mexico,17637,153,,1302,2646,13536,70722,16102,44592,10028,2710,2092741,1.294952409
2018,NV,Nevada,16715,202,,2329,3862,10322,73998,17741,44341,11916,6287,3027341,2.076739951
2018,NY,New York,68512,562,,6577,18191,43182,281543,31158,237243,13142,62767,19530351,3.213818328
2018,OH,Ohio,34426,596,,5852,9608,18370,257848,49456,188433,19959,15079,11676341,1.291414836
2018,OK,Oklahoma,18701,215,,2431,2805,13250,114395,27178,73799,13418,8958,3940235,2.273468461
2018,OR,Oregon,12146,86,,2114,2515,7431,122401,16515,89191,16695,6618,4181886,1.582539553
2018,PA,Pennsylvania,39099,784,,4490,9854,23971,190633,27054,150441,13138,25505,12800922,1.992434607
2018,RI,Rhode Island,2326,16,,494,453,1363,17625,2817,13270,1538,2494,1058287,2.356638606
2018,SC,South Caroli,25463,411,,2650,3592,18810,156330,29957,111427,14946,12684,5084156,2.494809365
2018,SD,South Dakota,3483,12,,617,222,2632,15191,2502,11237,1452,1780,878698,2.025724424
2018,TN,Tennessee,42687,508,,3011,7222,31946,192897,33538,138710,20649,17370,6771631,2.565113191
2018,TX,Texas,118197,1327,,15098,28339,73433,681143,117897,493238,70008,45627,28628666,1.59375222
2018,UT,Utah,7551,63,,1854,1237,4397,76294,10079,58406,7809,5106,3153550,1.61912765
2018,VA,Virginia,17357,417,,3072,3610,10258,142931,15659,116496,10776,19262,8501286,2.265774849
2018,VT,Vermont,1155,11,,326,73,745,8211,1496,6451,264,1421,624358,2.275937843
2018,WA,Washington,23719,236,,3610,5557,14316,223256,40434,154941,27881,11242,7523869,1.494178062
2018,WI,Wisconsin,17365,175,,2333,3493,11364,91238,14180,68380,8678,12855,5807406,2.213552832
2018,WV,West Virginia,5411,76,,716,333,4286,27888,5916,19783,2189,4702,1804291,2.606009784
2018,WY,Wyoming,1235,14,,261,75,885,10308,1551,7974,783,1490,577601,2.579635423
2019,AK,Alaska,6343,69,,1088,826,4360,21294,3563,15114,2617,1271,731545,1.737418751
2019,AL,Alabama,25046,358,,2068,3941,18679,131133,26079,92477,12577,10804,4903185,2.203465706
2019,AR,Arkansas,17643,242,,2331,1557,13513,86250,18095,60735,7420,7282,3017804,2.413012906
2019,AZ,Arizo,33141,365,,3662,6410,22704,177638,28699,130788,18151,13068,7278717,1.795371355
2019,CA,California,174331,1690,,14799,52301,105541,921114,152555,626802,141757,79616,39512223,2.014971418
2019,CO,Colorado,21938,218,,3872,3663,14185,149189,20064,107012,22113,12768,5758736,2.217153209
2019,CT,Connecticut,6546,104,,771,1929,3742,50862,6441,38457,5964,7390,3565287,2.072764409
2019,DC,District of Columbia,7403,166,,345,2713,4179,30821,1843,26645,2333,4228,705749,5.990798428
2019,DE,Delaware,4115,48,,310,790,2967,21931,2968,17359,1604,2421,973764,2.486228696
2019,FL,Florida,81270,1122,,8456,16217,55475,460846,63396,358402,39048,46370,21477737,2.158979785
2019,GA,Georgia,36170,654,,2922,7961,24633,252249,39506,188967,23776,23265,10617423,2.191209675
2019,HI,Hawaii,4042,48,,765,1131,2098,40228,5340,29634,5254,2764,1415872,1.952153867
2019,IA,Iowa,8410,60,,1164,863,6323,54699,11710,37847,5142,5648,3155070,1.790134609
2019,ID,Idaho,4000,35,,809,155,3001,21793,3927,16295,1571,3073,1787065,1.71957931
2019,IL,Illinois,51561,832,,6078,12464,32187,233984,34433,180776,18775,29461,12671821,2.324922361
2019,IN,India,24966,377,,2475,5331,16783,132694,21795,97176,13723,8958,6732219,1.33061625
2019,KS,Kansas,11968,105,,1416,1293,9154,67428,9984,50165,7279,8103,2913314,2.781368572
2019,KY,Kentucky,9701,221,,1572,2161,5747,84769,15443,59130,10196,7352,4467673,1.645599398
2019,LA,Louisia,25537,544,,2273,4025,18695,146993,26918,109359,10716,12208,4648794,2.626057425
2019,MA,Massachusetts,22578,152,,2204,3613,16609,81317,12341,62844,6132,16368,6892503,2.374754135
2019,MD,Maryland,27456,542,,1913,9203,15798,117901,16862,89780,11259,17179,6045680,2.841533128
2019,ME,Maine,1548,20,,516,188,824,16743,2350,13667,726,2363,1344212,1.757907235
2019,MI,Michigan,43686,556,,7235,5350,30545,158296,28572,111980,17744,18271,9986857,1.829504518
2019,MN,Minnesota,13332,117,,2448,3149,7618,117236,15927,90092,11217,11213,5639632,1.988250297
2019,MO,Missouri,30380,568,,2917,4959,21936,161946,26414,114460,21072,15864,6137428,2.584796107
2019,MS,Mississippi,8272,332,,747,1700,5493,70707,18660,46300,5747,2869,2976149,0.963997434
2019,MT,Monta,4328,27,,624,205,3472,23440,2887,18176,2377,2278,1068778,2.131406148
2019,NC,North Caroli,38995,632,,3247,7599,27517,247236,54447,174728,18061,24141,10488084,2.30175502
2019,ND,North Dakota,2169,24,,437,179,1529,15066,2608,10666,1792,1774,762062,2.327894581
2019,NE,Nebraska,5821,45,,1253,792,3731,39449,4745,29719,4985,3819,1934408,1.974247418
2019,NH,New Hampshire,2074,33,,590,313,1138,16442,1717,13832,893,2859,1359711,2.102652696
2019,NJ,New Jersey,18375,262,,1531,5730,10852,118637,16399,91902,10336,37844,8882190,4.260660941
2019,NM,New Mexico,17450,181,,1288,2341,13640,65269,14610,41702,8957,1794,2096829,0.855577637
2019,NV,Nevada,15210,143,,2161,3286,9620,71525,15510,44755,11260,5578,3080156,1.810947238
2019,NY,New York,69764,558,,6583,18068,44555,267155,27600,226851,12704,62878,19453561,3.232210288
2019,OH,Ohio,34269,538,,5731,8846,19154,240291,43894,177725,18672,12890,11689100,1.102736738
2019,OK,Oklahoma,17086,266,,2268,2369,12183,112587,26577,72632,13378,9339,3956971,2.360138601
2019,OR,Oregon,11995,116,,1778,2276,7825,115170,14724,85261,15185,6597,4217737,1.564108905
2019,PA,Pennsylvania,39228,669,,4351,9743,24465,179665,23354,143921,12390,25721,12801989,2.009140923
2019,RI,Rhode Island,2342,25,,491,418,1408,16259,2321,12580,1358,2540,1059361,2.397671804
2019,SC,South Caroli,26323,464,,2460,3294,20105,151389,27461,108953,14975,12277,5148714,2.38447892
2019,SD,South Dakota,3530,17,,642,195,2676,15667,2646,11265,1756,1844,884659,2.084418968
2019,TN,Tennessee,40647,498,,2813,6150,31186,181153,29869,132104,19180,17774,6829174,2.602657364
2019,TX,Texas,121474,1409,,14824,28988,76253,693204,113902,501813,77489,52241,28995881,1.801669692
2019,UT,Utah,7553,72,,1822,1125,4534,69546,8871,53937,6738,5272,3205958,1.644438262
2019,VA,Virginia,17753,426,,2816,3524,10987,140213,13900,116044,10269,19475,8535519,2.281642159
2019,VT,Vermont,1262,11,,278,71,902,8888,1275,7315,298,1473,623989,2.360618537
2019,WA,Washington,22377,198,,3332,5147,13700,204224,34540,145282,24402,11175,7614893,1.467518979
2019,WI,Wisconsin,17070,175,,2261,2991,11643,85672,12667,65620,7385,12974,5822434,2.228277727
2019,WV,West Virginia,5674,78,,754,378,4464,28376,5891,20066,2419,4868,1792147,2.716295036
2019,WY,Wyoming,1258,13,,324,67,854,9093,1396,6984,713,1409,578759,2.434519377
